999,200,Baltika Breweries (Балтика),baltika-breweries-baltika,/BaltikaBreweries,Saint Petersburg,60.0765,30.3665
5585,87,Ochakovo (Очаково),ochakovo-ochakovo,/w/ochakovo-ochakovo/5585,Moscow,55.6976,37.4239
7165,82,Moscow Brewing Company (Московская Пивоваренная Компания),moscow-brewing-company-moskovskaya-pivovarennaya-kompaniya,/Moscow_Brewing_Company___,Mytishchi,55.9198,37.7655
7167,0,Tinkoff (Тинькофф),tinkoff-tinkoff,/w/tinkoff-tinkoff/7167,Novosibirsk,55.0309,82.9037
10224,20,Brasserie de Metropole,brasserie-de-metropole,/w/brasserie-de-metropole/10224,Saint Petersburg,59.9331,30.3336
10410,84,Vasileostrovskaya Brewery (Василеостровская Пивоварня),vasileostrovskaya-brewery-vasileostrovskaya-pivovarnya,/VasileostrovskayaBrewery,Saint Petersburg,59.9121,30.2771
10498,84,Afanasy (Афанасий),afanasy-afanasij,/w/afanasy-afanasij/10498,Tver',56.8252,35.9284
12920,87,Knightberg,knightberg,/Knightberg,Saint Petersburg,59.9569,30.3418
14241,10,Rybinsky Pivzavod (Рыбинский Пивзавод),rybinsky-pivzavod-rybinskij-pivzavod,/w/rybinsky-pivzavod-rybinskij-pivzavod/14241,Rybinsk,58.0372,38.8589
16625,11,Puberty,puberty,/w/puberty/16625,Saint Petersburg,59.9735,30.334
16999,50,Vladimirskaya Pivovarnya (Владимирская Пивоварня),vladimirskaya-pivovarnya-vladimirskaya-pivovarnya,/VladimirskayaPivovarnya,Vladimir,56.1446,40.4179
17261,31,Mager Brewery,mager-brewery,/w/mager-brewery/17261,Saint Petersburg,59.8939,30.3659
17470,14,Hanse Bier,hanse-bier,/w/hanse-bier/17470,Saint Petersburg,59.9713,30.3865
26951,37,Buket Chuvashii (Букет Чувашии),buket-chuvashii-buket-chuvashii,/w/buket-chuvashii-buket-chuvashii/26951,Cheboksary,56.1367,47.315
27939,44,KOSOUHOFF - by Amarant (Амарант),kosouhoff-by-amarant-amarant,/KosouhoffBrewery,Naro-Fominsk,55.3839,36.7561
28050,30,Bulgarpivo (Булгарпиво),bulgarpivo-bulgarpivo,/w/bulgarpivo-bulgarpivo/28050,Naberezhnye Chelny,55.7137,52.4174
28235,23,Medovarus,medovarus,/w/medovarus/28235,Saint Petersburg,59.932,30.3208
28569,3,16 tons (16 тонн),16-tons-16-tonn,/16tons16,Moscow,55.7643,37.5643
28730,9,Petrobeer (Петробир),petrobeer-petrobir,/w/petrobeer-petrobir/28730,Solnechnoye,60.1561,29.9258
28908,10,Staraya Sloboda (Старая Слобода),staraya-sloboda-staraya-sloboda,/w/staraya-sloboda-staraya-sloboda/28908,Bobrovo,60.0232,30.2085
29411,27,Marksovsky Pivzavod (Марксовский Пивзавод),marksovsky-pivzavod-marksovskij-pivzavod,/w/marksovsky-pivzavod-marksovskij-pivzavod/29411,Marks,51.7207,46.769
29485,3,Пивной Бар Жигули,pivnoj-bar-zhiguli,/w/pivnoj-bar-zhiguli/29485,Engel's,51.4994,46.1241
29772,133,Jaws Brewery,jaws-brewery,/JawsBrew,Zarechnyy,56.8058,61.3238
30125,30,Syktyvkarpivo (Сыктывкарпиво),syktyvkarpivo-syktyvkarpivo,/w/syktyvkarpivo/30125,Сыктывкар,61.6667,50.8167
30331,29,Пивоварня Мюнхель (Münhell Brewery),pivovarnya-myunhel-munhell-brewery,/w/m-nhell-brewery/30331,Saint Petersburg,59.8294,30.3074
30700,74,Vyatich (Вятич),vyatich-vyatich,/w/vyatich-vyatich/30700,Kirov,58.5825,49.6704
30871,22,Karl & Friedrich (Карл и Фридрих),karl-and-friedrich-karl-i-fridrih,/KarlFriedrich,Saint Petersburg,59.9699,30.2326
31238,10,Kamchatskoe Pivo (Камчатское Пиво),kamchatskoe-pivo-kamchatskoe-pivo,/w/kamchatskoe-pivo-kamchatskoe-pivo/31238,Petropavlovsk-Kamchatskiy,53.0409,158.678
31744,33,Samko Brewery (Пивоваренный Завод Самко),samko-brewery-pivovarennyj-zavod-samko,/w/samko-brewery-pivovarennyj-zavod-samko/31744,Penza,53.1901,45.0206
32189,21,Maximilian Brauhaus,maximilian-brauhaus,/w/maximilian-brauhaus/32189,Saint Petersburg,59.9343,30.3351
32554,17,Hmeleff (Хмелефф),hmeleff-hmeleff,/w/hmeleff/32554,Ryazan,54.6193,39.6762
32861,27,Северная Пивоварня,severnaya-pivovarnya,/NorthernBrewery,Saint Petersburg,59.9971,30.3029
33116,158,AB InBev Efes,ab-inbev-efes,/w/ab-inbev-efes/33116,Moscow,55.6031,37.6435
33361,12,DreamCatcher Brewery (IVAN_JAN),dreamcatcher-brewery-ivanjan,/Ivan-jan,Moscow,55.7558,37.6173
33371,109,Prokhoroff,prokhoroff,/Prokhoroff,Moscow,55.815,37.4498
33381,61,Malz & Hopfen,malz-and-hopfen,/MalzHopfen,Nizhny Novgorod,56.2459,43.9867
34015,7,Schelkunchik (Щелкунчик),schelkunchik-shelkunchik,/w/schelkunchik-shelkunchik/34015,Saint Petersburg,59.9327,30.3627
35255,25,Gletcher Brewery (Глетчер),gletcher-brewery-gletcher,/GletcherBrewery,Klin,56.3576,36.6975
36782,153,One Ton Brewery (Пивоварня Одна Тонна),one-ton-brewery-pivovarnya-odna-tonna,/1tonna,Zhukovskiy,55.6107,38.093
37085,76,Zavod Trehsosensky (Завод Трехсосенский),zavod-trehsosensky-zavod-trehsosenskij,/w/zavod-trehsosensky-zavod-trehsosenskij/37085,Dimitrovgrad,54.2276,49.6044
37386,15,Stavropolsky Pivovarenny Zavod (Ставропольский Пивоваренный Завод),stavropolsky-pivovarenny-zavod-stavropolskij-pivovarennyj-zavod,/w/stavropolsky-pivovarenny-zavod-stavropolskij-pivovarennyj-zavod/37386,Stavropol,45.0441,41.9816
38368,179,AF Brew,af-brew,/AntiFactory,Saint Petersburg,59.9107,30.266
40424,10,Bierstube (Бирштубе),bierstube-birshtube,/w/bierstube-birshtube/40424,Санкт-Петербург,59.919,30.2846
41259,19,Rzhevpivo (Ржевпиво),rzhevpivo-rzhevpivo,/w/rzhevpivo-rzhevpivo/41259,Rzhev,56.2492,34.3456
41755,45,Bryanskpivo (Брянскпиво),bryanskpivo-bryanskpivo,/w/bryanskpivo-bryanskpivo/41755,Bryansk,53.2672,34.4119
41823,6,Beerger (Два Товарища),beerger-dva-tovarisha,/w/beerger-dva-tovarisha/41823,дер. Курилово,55.0903,37.0203
42009,44,Gambrinus (Гамбринус),gambrinus-gambrinus,/w/gambrinus-gambrinus/42009,Izhevsk,56.8831,53.2632
42549,9,Vyatskaya Promyshlennaya Kompania (Вятская Промышленная Компания),vyatskaya-promyshlennaya-kompania-vyatskaya-promyshlennaya-kompaniya,/w/vyatskaya-promyshlennaya-kompania-vyatskaya-promyshlennaya-kompaniya/42549,Kirov,58.627,49.6229
42694,30,Yablochny Spas (Яблочный Спас),yablochny-spas-yablochnyj-spas,/StAntonBrewery,Suvorov,54.1255,36.4856
43495,3,Zolotaya Vobla (Золотая Вобла),zolotaya-vobla-zolotaya-vobla,/w/zolotaya-vobla-zolotaya-vobla/43495,Moscow,55.7558,37.6173
44177,38,Tomskoe Pivo (Томское Пиво),tomskoe-pivo-tomskoe-pivo,/w/tomskoe-pivo-tomskoe-pivo/44177,Томск,56.4626,84.9402
44341,2,Temple Bar,temple-bar,/w/temple-bar/44341,Москва,55.7558,37.6173
44688,0,Brickstone Beer,brickstone-beer,/w/brickstone-beer/44688,Moscow,55.7558,37.6173
44803,18,Pivkombinat Balakovsky (Пивкомбинат Балаковский),pivkombinat-balakovsky-pivkombinat-balakovskij,/w/pivkombinat-balakovsky-pivkombinat-balakovskij/44803,Balakovo,51.9967,47.8134
44976,122,Stamm Brewing,stamm-brewing,/StammBeer,Красная Пахра,55.4314,37.2768
45905,13,VPZ Daryal (ВПЗ Дарьял),vpz-daryal-vpz-daryal,/w/vpz-daryal-vpz-daryal/45905,Vladikavkaz,43.0804,44.6829
46620,10,Фонтан / Кваспром,fontan-kvasprom,/w/fontan-kvasprom/46620,Orekhovo-Zuyevo,55.8034,38.9668
47735,51,Barnaulsky Pivovarenny Zavod (Барнаульский Пивоваренный Завод),barnaulsky-pivovarenny-zavod-barnaulskij-pivovarennyj-zavod,/w/barnaulsky-pivovarenny-zavod-barnaulskij-pivovarennyj-zavod/47735,Barnaul,53.3193,83.6183
48141,4,Torro Grill,torro-grill,/w/torro-grill/48141,,0.0,0.0
49404,25,Brauerei Ponarth (Пивоварня Понарт),brauerei-ponarth-pivovarnya-ponart,/w/brauerei-ponarth-pivovarnya-ponart/49404,Kaliningrad,54.6818,20.4868
49414,15,Surok (Сурок),surok-surok,/w/surok-surok/49414,Moscow,55.8667,37.4455
51452,146,LaBEERint Brewery,labeerint-brewery,/LaBEERintBrewery,Obninsk,55.117,36.5971
51590,0,НАBEERЕЖНАЯ (NABEEREZHNAYA),nabeerezhnaya-nabeerezhnaya,/w/nabeerezhnaya-nabeerezhnaya/51590,Санкт-Петербург,59.9783,30.3147
52339,5,Martin Aqua (Мартин Аква),martin-aqua-martin-akva,/w/martin-aqua-martin-akva/52339,Belaya Glina,46.0812,40.8683
52662,3,Reduit (Редюит),reduit-redyuit,/w/reduit-redyuit/52662,Kaliningrad,54.7127,20.5371
53009,83,Velka Morava,velka-morava,/VelkaMorava,Moscow,55.8606,37.6543
53094,8,Hmel (Хмель),hmel-hmel,/w/hmel-hmel/53094,Kaliningrad,54.7197,20.5039
55456,15,Papasha Clauss (Папаша Клаусс),papasha-clauss-papasha-klauss,/w/papasha-clauss-papasha-klauss/55456,Санкт-Петербург,59.9818,30.2101
55892,24,Tagilskoe Pivo (Тагильское Пиво),tagilskoe-pivo-tagilskoe-pivo,/TagilskoePivo,Нижний Тагил,57.9407,59.9136
59072,42,Pivovarenny Zavod Lyskovsky (Пивоваренный Завод Лысковский),pivovarenny-zavod-lyskovsky-pivovarennyj-zavod-lyskovskij,/w/pivovarenny-zavod-lyskovsky-pivovarennyj-zavod-lyskovskij/59072,Lyskovo,56.0356,45.0563
59137,7,Pivnaya Kompaniya (Пивная Компания),pivnaya-kompaniya-pivnaya-kompaniya,/w/pivnaya-kompaniya-pivnaya-kompaniya/59137,Хабаровск,48.4095,135.105
59498,11,Vikbeer (Викбир),vikbeer-vikbir,/w/vikbeer-vikbir/59498,Artëm,43.3756,132.168
59518,19,Hagen,hagen,/w/hagen/59518,Смоленск,54.7678,32.0145
60539,33,Biberbrau,biberbrau,/Biberbrau,Moscow,55.7558,37.6173
60711,16,Suzdal Brewery (Суздальская Пивоварня),suzdal-brewery-suzdalskaya-pivovarnya,/w/suzdal-brewery-suzdalskaya-pivovarnya/60711,Чириково,56.2579,40.6209
61432,22,BeerZelis,beerzelis,/w/beerzelis/61432,Kaliningrad,54.6834,20.5277
61582,38,Krop-Pivo (Кроп-Пиво),kroppivo-kroppivo,/w/krop-pivo-krop-pivo/61582,Kropotkin,45.4325,40.5854
63282,0,Bogerhof (Богерхоф),bogerhof-bogerhof,/w/bogerhof-d-d-3-4-d-dun-n-d-3-4-n/63282,г. Анапа,44.876,37.3303
64002,11,Osha (Оша),osha-osha,/w/osha/64002,Омск,55.0194,73.4359
64622,77,New Riga's Brewery,new-rigas-brewery,/w/new-riga-s-brewery/64622,Лешково,56.2021,38.0663
64853,60,Lakinsky Pivzavod (Лакинский Пивзавод),lakinsky-pivzavod-lakinskij-pivzavod,/w/lakinsky-pivzavod/64853,Lakinsk,56.0191,39.968
65343,28,ТПМЗ МёдВедь (ООО Фарт),tpmz-myodved-ooo-fart,/w/tpmz-myodved-ooo-fart/65343,Saint Petersburg,59.9116,30.2808
66008,83,Deka (Дека),deka-deka,/Deka_,Veliky Novgorod,58.5468,31.2352
67259,17,Tolstiy Fraer (Толстый Фраер),tolstiy-fraer-tolstyj-fraer,/w/tolstiy-fraer-tolstyj-fraer/67259,Saint Petersburg,59.9343,30.3351
69006,52,Пивоварня Кожевниково (Kozhevnikovo Brewery) ,pivovarnya-kozhevnikovo-kozhevnikovo-brewery,/KozhevnikovoBrewery,Kozhevnikovo,56.2618,83.9638
70026,37,ID Brewery,id-brewery,/w/id-brewery/70026,Moscow,55.7558,37.6173
70612,43,Bochkarevsky Pivovarenny Zavod (Бочкаревский Пивоваренный Завод),bochkarevsky-pivovarenny-zavod-bochkarevskij-pivovarennyj-zavod,/w/bochkarevsky-pivovarenny-zavod-bochkarevskij-pivovarennyj-zavod/70612,Bochkari,52.8807,85.7611
71454,14,Vaclav Zamok (Вацлав Замок),vaclav-zamok-vaclav-zamok,/w/vaclav-zamok-vaclav-zamok/71454,Saint Petersburg,59.9732,30.4172
72772,55,1516 Pub & Brewery,1516-pub-and-brewery,/Stan1516,Moscow,55.7364,37.6707
73316,20,Pivovarenny Dom Bavaria (Пивоваренный Дом Бавария),pivovarenny-dom-bavaria-pivovarennyj-dom-bavariya,/w/pivovarenny-dom-bavaria-pivovarennyj-dom-bavariya/73316,Vladikavkaz,43.0672,44.675
73322,4,Halvichny Zavod Nalchiksky (Халвичный Завод Нальчикский),halvichny-zavod-nalchiksky-halvichnyj-zavod-nalchikskij,/w/halvichny-zavod-nalchiksky-halvichnyj-zavod-nalchikskij/73322,Nal'chik,43.479,43.6186
73323,3,Grenkipub,grenkipub,/w/grenkipub/73323,,0.0,0.0
73467,12,Zhigulevskoe Pivo (Жигулевское Пиво),zhigulevskoe-pivo-zhigulevskoe-pivo,/w/zhigulevskoe-pivo-zhigulevskoe-pivo/73467,Samara,53.2013,50.099
73864,229,Bakunin Brewing Co.,bakunin-brewing-co,/BakuninBrewery,Saint Petersburg,59.9343,30.3351
73867,40,Пивоваръ,pivovar,/w/pivovar/73867,Volgograd,48.6862,44.4826
74423,7,Gloster,gloster,/w/gloster/74423,Москва,55.548,37.5501
75620,27,Визит,vizit,/Vizit,Kuznetsk,53.1283,46.5915
75763,97,Токсовская Сидрерия (On The Bones),toksovskaya-sidreriya-on-the-bones,/onthebones,Saint Petersburg,59.7507,30.3121
77459,4,Old George Brewery (Пивоварня Старый Георг),old-george-brewery-pivovarnya-staryj-georg,/w/old-george-brewery-pivovarnya-staryj-georg/77459,Yoshkar-Ola,56.6249,47.9419
77600,1,Karachaevsky Pivzavod (Карачаевский Пивзавод),karachaevsky-pivzavod-karachaevskij-pivzavod,/w/karachaevsky-pivzavod-karachaevskij-pivzavod/77600,г. Карачаевск,43.7739,41.9088
77893,13,Killfish Discount Bar,killfish-discount-bar,/w/killfish-discount-bar/77893,,0.0,0.0
78171,22,Любецъ,lyubec,/w/lyubec/78171,Kovrov,56.392,41.3169
78690,90,Heineken Brewery (Объединенные Пивоварни Хейнекен),heineken-brewery-obedinennye-pivovarni-hejneken,/w/heineken-brewery/78690,Saint Petersburg,59.8927,30.4912
78781,8,"Пивоварня ""Норд-Вест""",pivovarnya-nordvest,/w/pivovarnya-nord-vest/78781,Oryol,52.9272,36.0267
79437,2,Matsuri,matsuri,/w/matsuri/79437,,0.0,0.0
79953,18,Кольский пивоваренный завод,kolskij-pivovarennyj-zavod,/Kolskoe_Pivo,Кола,68.8821,33.0433
81505,11,ГриннBeer,grinnbeer,/w/grinnbeer/81505,Kursk,51.7616,36.1848
81516,14,Chester Pub,chester-pub,/w/chester-pub/81516,Oryol,52.9589,36.0652
81519,4,Blonder Beer,blonder-beer,/w/blonder-beer/81519,Орел,52.9668,36.0625
81520,3,Орловская Нива,orlovskaya-niva,/w/orlovskaya-niva/81520,Орел,52.9814,36.0585
81617,15,Пивоварня Stražek,pivovarnya-strazek,/w/pivovarnya-strazek/81617,Moscow,55.7074,37.6566
81688,3,Clever Irish Pub,clever-irish-pub,/w/clever-irish-pub/81688,Томск,56.4638,84.9518
81926,12,Майкопский Пивзавод Конкорд (Maykopsky Pivzavod Concorde),majkopskij-pivzavod-konkord-maykopsky-pivzavod-concorde,/w/maykopsky-pivzavod-concorde/81926,г. Майкоп,44.6289,40.1275
81941,8,Brewery 903 (Пивоварня 903),brewery-903-pivovarnya-903,/Brewery_903_Pskov,Pskov,57.8193,28.3126
81986,59,Craft Brew Riots,craft-brew-riots,/CraftBrewRiots,Saint Petersburg,59.9343,30.3351
82195,7,Pivnitsa (Пивница),pivnitsa-pivnica,/w/pivnitsa-pivnica/82195,Швариха,56.1553,43.4041
82343,182,Victory Art Brew,victory-art-brew,/VictoryArtBrew,Ivanteyevka,55.9601,37.9196
82867,17,Caspary Bräu,caspary-brau,/w/caspary-brau/82867,Obninsk,55.1108,36.6079
82871,13,"Grenader Brewery (ООО ""Малоярославецкая пивоваренная компания"")",grenader-brewery-ooo-maloyaroslaveckaya-pivovarennaya-kompaniya,/GrenaderBrewery,Maloyaroslavets,54.9983,36.4326
83130,33,Drakkar Brewery,drakkar-brewery,/DrakkarBrewery,Saint Petersburg,59.9343,30.3351
83471,0,Schwaben Keller,schwaben-keller,/SchwabenKeller,Санкт-Петербург,59.959,30.4086
83668,5,Nesselbeck (Нессельбек),nesselbeck-nesselbek,/w/nesselbeck-nesselbek/83668,Орловка,54.7934,20.5314
84328,93,Lovecraft Weird Brewery,lovecraft-weird-brewery,/Lovecraft,Krasnodar,45.0333,39.031
84572,10,Рузская Пивоваренная Компания,ruzskaya-pivovarennaya-kompaniya,/w/d-n-d-n-d-d-n-d-d-d-d-3-4-d-d-n-dud-1-2-d-1-2-d-n-d-d-3-4-d-1-4-d-d-d-1-2-d-n/84572,г. Руза,55.6956,36.2011
85059,3,Punch & Judy Pub,punch-and-judy-pub,/w/punch-judy-pub/85059,Москва,55.7558,37.6173
85706,20,Ермолаевъ,ermolaev,/Ermolaev_brewery,Tyumen,57.1798,65.4758
86111,6,Gradus Farengeita (Градус Фаренгейта),gradus-farengeita-gradus-farengejta,/w/gradus-farengeita-gradus-farengejta/86111,Санкт-Петербург,59.8643,30.3095
86143,15,Suzdal Meadery (Суздальский Медоваренный Завод),suzdal-meadery-suzdalskij-medovarennyj-zavod,/w/suzdal-meadery-suzdalskij-medovarennyj-zavod/86143,Suzdal,56.4434,40.4602
88050,26,Мастер-Продукт-Алтай (Master-Product-Altay),masterproduktaltaj-masterproductaltay,/w/masterproduktaltaj-masterproductaltay/88050,Barnaul,53.3812,83.7051
88366,1,ИП Дзампаева,ip-dzampaeva,/w/ip-dzampaeva/88366,Vladikavkaz,43.0252,44.666
88372,46,Abbatskoe (Аббатское),abbatskoe-abbatskoe,/w/abbatskoe-abbatskoe/88372,Тольятти,53.5086,49.4198
89791,3,Wiener Beer,wiener-beer,/w/wiener-beer/89791,Москва,55.645,37.6348
89993,51,Cosmic City,cosmic-city,/CosmicCityBrew,Korolyov,55.9317,37.8519
90543,6,Yakitoriya (Якитория),yakitoriya-yakitoriya,/w/yakitoriya/90543,,0.0,0.0
91140,23,Lipetskpivo (Липецкпиво),lipetskpivo-lipeckpivo,/w/lipetskpivo-lipeckpivo/91140,Lipetsk,52.6173,39.5323
91889,19,Lomonosovskaya Brewery (Ломоносовская Пивоварня),lomonosovskaya-brewery-lomonosovskaya-pivovarnya,/w/lomonosovskaya-brewery-lomonosovskaya-pivovarnya/91889,Санкт-Петербург,59.9174,29.7628
93437,12,Königbrau Brewery (Пивоварня Кёнигбрау),konigbrau-brewery-pivovarnya-kyonigbrau,/w/konigbrau-brewery-pivovarnya-kyonigbrau/93437,Kaliningrad,54.7104,20.4522
95242,514,Salden's Brewery,saldens-brewery,/Saldens,Tula,54.2048,37.6185
96477,17,Malvar,malvar,/w/malvar/96477,Подольск,55.4312,37.5458
97048,46,Пётр Петрович (Petr Petrovich),pyotr-petrovich-petr-petrovich,/PetrPetrovich,Tula,54.1837,37.592
97581,6,Ресторан Пивовар,restoran-pivovar,/w/restoran-pivovar/97581,Kaliningrad,54.7104,20.4522
97594,10,Priazovskaya Bavaria (Приазовская Бавария),priazovskaya-bavaria-priazovskaya-bavariya,/w/priazovskaya-bavaria-priazovskaya-bavariya/97594,Yeysk,46.7138,38.279
97981,33,BarrelBeer (ex. Dome Brewery),barrelbeer-ex-dome-brewery,/w/barrelbeer-ex-dome-brewery/97981,пос. им. Свердлова,59.798,30.636
98328,14,True Ale,true-ale,/w/true-ale/98328,дер. Желомеено,55.6792,35.6022
98547,4,Hercules (Геркулес),hercules-gerkules,/w/hercules/98547,Калинград,54.7208,20.4557
100720,31,ПБК Крым (Krym),pbk-krym-krym,/pbkkrym,Симферополь,44.9381,34.056
102248,9,Kors (Корс),kors-kors,/w/kors-kors/102248,Выборг,60.6614,28.8761
102360,6,Boston Seafood & Bar,boston-seafood-and-bar,/w/boston-seafood-bar/102360,Москва,55.7796,37.5903
103732,2,Эль+,el,/w/el/103732,Дубна,56.7537,37.2052
104878,187,Plan B Brewery,plan-b-brewery,/Plan_B_Brewery,Yaroslavl,57.6319,39.8695
105564,23,Таганский Пивоваренный Завод,taganskij-pivovarennyj-zavod,/w/taganskij-pivovarennyj-zavod/105564,Moscow,55.7293,37.7062
106258,32,Lobanov Brewery 1964 (Пивоварня Лобанова 1964),lobanov-brewery-1964-pivovarnya-lobanova-1964,/w/lobanov-brewery-1964-pivovarnya-lobanova-1964/106258,Kemerovo,55.345,86.0623
106631,18,Пивовар Рогозец (Pivovar Rohozec),pivovar-rogozec-pivovar-rohozec,/w/pivovar-rogozec-pivovar-rohozec/106631,Krasnoyarsk,56.0738,92.9476
107700,7,Emmer (Эммер),emmer-emmer,/w/emmer-emmer/107700,Krasnoyarsk,56.0056,93.0132
108032,4,Glazovskiy Pivovarennyi Zavod (Глазовский Пивоваренный Завод),glazovskiy-pivovarennyi-zavod-glazovskij-pivovarennyj-zavod,/w/glazovskiy-pivovarennyi-zavod-glazovskij-pivovarennyj-zavod/108032,Glazov,58.1505,52.6653
108193,3,Kolbasoff (Колбасофф),kolbasoff-kolbasoff,/w/kolbasoff-kolbasoff/108193,Москва,55.7558,37.6173
108199,4,Пивоварня На Николиной Горе,pivovarnya-na-nikolinoj-gore,/w/pivovarnya-na-nikolinoj-gore/108199,Николина Гора,55.7132,37.0774
109110,59,Varnitsa (Варница),varnitsa-varnica,/w/varnitsa-varnica/109110,Kardymovo,54.8851,32.4206
109634,14,Северное Пиво,severnoe-pivo,/w/severnoe-pivo/109634,Kondopoga,62.2038,34.2544
110785,19,Барк,bark,/w/bark/110785,Vladivostok,43.2828,132.06
111407,13,Grad Petrov (Градъ Петровъ),grad-petrov-grad-petrov,/w/grad-petrov-grad-petrov/111407,Санкт-Петербург,59.9408,30.3029
112869,45,Альпина (Alpina),alpina-alpina,/w/alpina-alpina/112869,Сахарный,53.8427,91.4031
115559,15,Dzerzhinsky Pivovarenny Zavod (Дзержинский Пивоваренный Завод),dzerzhinsky-pivovarenny-zavod-dzerzhinskij-pivovarennyj-zavod,/w/dzerzhinsky-pivovarenny-zavod-dzerzhinskij-pivovarennyj-zavod/115559,Дзержинск,56.2471,43.4086
116251,64,Paradox,paradox,/paradox-beer,Saint Petersburg,59.9117,30.2683
116506,5,Ayan (АЯН),ayan-ayan,/w/ayan-ayan/116506,Абакан,53.7145,91.389
117770,7,Wildschweiner,wildschweiner,/w/wildschweiner/117770,Воронеж,51.6755,39.2089
119555,9,Крафтовая Пивоварня Сергея Миронова,kraftovaya-pivovarnya-sergeya-mironova,/w/kraftovaya-pivovarnya-sergeya-mironova/119555,Хвалынск,52.501,48.0923
119648,24,Zavod Pivovarenny Morshansky (Завод Пивоваренный Моршанский),zavod-pivovarenny-morshansky-zavod-pivovarennyj-morshanskij,/w/zavod-pivovarenny-morshansky-zavod-pivovarennyj-morshanskij/119648,Morshansk,53.4337,41.8361
119794,14,Automatic Beer Station (Пивоварня ABS),automatic-beer-station-pivovarnya-abs,/w/automatic-beer-station-pivovarnya-abs/119794,Нижний Новгород,56.3213,43.9992
121612,0,Nb Brewery,nb-brewery,/NBrewery,,0.0,0.0
121776,0,Baltika Brew,baltika-brew,/w/baltika-brew/121776,Санкт-Петербург,59.9343,30.3351
121779,7,СоХо Плюс,soho-plyus,/w/soho-plyus/121779,Ozersk,55.7564,60.7126
122088,51,Пинта,pinta,/IzhPinta,Izhevsk,56.848,53.2903
122110,55,Schwarz Kaiser Brewery,schwarz-kaiser-brewery,/SchwarzKaiserBrewery,Чёлохово,55.377,38.9182
124663,3,Bar BQ Cafe,bar-bq-cafe,/w/bar-bq-cafe/124663,Москва,55.7417,37.6314
124907,23,Zlata Podkova,zlata-podkova,/w/zlata-podkova/124907,Dimitrovgrad,54.2191,49.6531
125837,6,Варвары,varvary,/w/varvary/125837,Тверь,56.8587,35.9176
126288,8,Krister,krister,/w/krister/126288,Krasnodar,45.0897,38.9126
126810,10,Беккер,bekker,/w/bekker/126810,Краснодар,45.0202,38.9899
126814,5,"Новороссийский пивоваренный завод (АО ""ПИНО"")",novorossijskij-pivovarennyj-zavod-ao-pino,/w/novorossijskij-pivovarennyj-zavod-ao-pino/126814,Novorossiysk,44.6937,37.7735
126815,6,Хадыженский Пивзавод,hadyzhenskij-pivzavod,/w/hadyzhenskij-pivzavod/126815,Khadyzhensk,44.4455,39.5278
126816,16,Tihoretsky Pivovarenny Zavod (Тихорецкий Пивоваренный Завод),tihoretsky-pivovarenny-zavod-tihoreckij-pivovarennyj-zavod,/w/tihoretsky-pivovarenny-zavod-tihoreckij-pivovarennyj-zavod/126816,Тихорецк,45.8523,40.1273
128425,3,Костромская Пивоваренная Компания,kostromskaya-pivovarennaya-kompaniya,/w/kostromskaya-pivovarennaya-kompaniya/128425,Sukhonogovo,57.5793,41.0492
128736,9,Burik Beer,burik-beer,/w/burik-beer/128736,Санкт-Петербург,59.8493,30.3966
131479,3,Bakhchysarai (Бахчисарай),bakhchysarai-bahchisaraj,/w/bakhchysarai-bahchisaraj/131479,Бахчисарай,44.7558,33.8477
131934,5,Пивоваренный Завод Орский,pivovarennyj-zavod-orskij,/w/pivovarennyj-zavod-orskij/131934,Orsk,51.2099,58.5594
131942,4,Пивоваренная Компания Прага,pivovarennaya-kompaniya-praga,/w/pivovarennaya-kompaniya-praga/131942,Котлас,61.2468,46.6618
131957,6,Полевская Пивоварня,polevskaya-pivovarnya,/w/polevskaya-pivovarnya/131957,Polevskoy,56.4825,60.2446
133426,3,Чайхона N 1,chajhona-n-1,/w/chajhona-n-1/133426,Москва,55.7558,37.6173
134906,3,Вологодский Пивоваренный Завод,vologodskij-pivovarennyj-zavod,/w/vologodskij-pivovarennyj-zavod/134906,Вологда,59.205,39.945
135208,151,Zagovor Brewery,zagovor-brewery,/ZagovorBrewery,Moscow,55.7513,37.6075
135270,7,КвасКо Боттлерз,kvasko-bottlerz,/w/kvasko-bottlerz/135270,Сасово,54.35,41.9167
135876,17,Barinoff Craft Brewery,barinoff-craft-brewery,/w/barinoff-craft-brewery/135876,Уфа,54.7321,55.9421
135877,12,XxxX Baltika Brew,xxxx-baltika-brew,/w/xxxx-baltika-brew/135877,Saint Petersburg,59.9343,30.3351
136139,7,Пивзавод Хвойнинский (Pivzavod Hvoyninsky),pivzavod-hvojninskij-pivzavod-hvoyninsky,/w/pivzavod-hvojninskij-pivzavod-hvoyninsky/136139,Хвойная,58.9,34.5
136307,5,Пивоварня Дiановъ,pivovarnya-dianov,/w/pivovarnya-dianov/136307,Nizhnebakanskaya,44.868,37.8837
136485,9,De Bassus,de-bassus,/w/de-bassus/136485,Lipetsk,52.6021,39.5755
136488,59,ПЗ Канцлеръ,pz-kancler,/kanzlerbeer,Voronezh,51.6703,39.2959
136490,10,Balagan City,balagan-city,/w/balagan-city/136490,Воронеж,51.6662,39.1919
137391,21,Nashe Pivo (Наше Пиво),nashe-pivo-nashe-pivo,/w/nashe-pivo-nashe-pivo/137391,Medvedevo,56.6331,47.8143
137509,29,Частная Пивоварня Артель,chastnaya-pivovarnya-artel,/artel_vrn,Voronezh,51.636,39.0903
137513,0,Rugen Brewery (Пивоварня Рюген),rugen-brewery-pivovarnya-ryugen,/RugenBrewery,Масловский,51.519,39.4005
137518,22,Right (Райт),right-rajt,/w/right-rajt/137518,Воронеж,51.6707,39.2138
137675,3,Хэлла,hella,/w/hella/137675,Воронеж,51.6617,39.1352
138962,4,Карачевпиво-Ягер,karachevpivoyager,/w/karachevpivoyager/138962,п. Согласие,53.0409,33.2691
139377,46,Panzer Brewery,panzer-brewery,/PanzerBrewery,Moscow,55.7871,37.7217
139837,21,Novosibirskaya Pivovarennaya Kompaniya (Новосибирская Пивоваренная Компания),novosibirskaya-pivovarennaya-kompaniya-novosibirskaya-pivovarennaya-kompaniya,/w/novosibirskaya-pivovarennaya-kompaniya-novosibirskaya-pivovarennaya-kompaniya/139837,Novosibirsk,54.9405,82.9307
140236,15,Частная Пивоварня Удача,chastnaya-pivovarnya-udacha,/w/chastnaya-pivovarnya-udacha/140236,Омск,55.0578,73.291
140805,21,Pivovarenny Zavod Maykopsky (Пивоваренный Завод Майкопский),pivovarenny-zavod-maykopsky-pivovarennyj-zavod-majkopskij,/w/pivovarenny-zavod-maykopsky-pivovarennyj-zavod-majkopskij/140805,Maykop,44.602,40.1085
140925,7,Российская Пивоваренная Компания имени А. Г. Арзиманова,rossijskaya-pivovarennaya-kompaniya-imeni-a-g-arzimanova,/w/rossijskaya-pivovarennaya-kompaniya-imeni-a-g-arzimanova/140925,Budënnovsk,44.7768,44.1736
140926,15,Пивоваренная Компания Сибирь,pivovarennaya-kompaniya-sibir,/w/pivovarennaya-kompaniya-sibir/140926,Ulan-Ude,51.8424,107.623
142097,23,Birra Incognita,birra-incognita,/BirraIncognita,Кемерово,55.347,86.0032
143605,4,Zalesskaya Pinka (Залесская Пинка),zalesskaya-pinka-zalesskaya-pinka,/w/zalesskaya-pinka-zalesskaya-pinka/143605,Pereslavl'-Zalesskiy,56.7163,38.823
143765,35,Česky Lev (Чешский Лев),cesky-lev-cheshskij-lev,/CeskyLev,Kursk,51.651,36.1401
144824,16,Zauralskie Napitki (Зауральские Напитки),zauralskie-napitki-zauralskie-napitki,/w/zauralskie-napitki-zauralskie-napitki/144824,Kurgan,55.431,65.3331
145743,15,Пивоварня Свежевъ,pivovarnya-svezhev,/w/pivovarnya-svezhev/145743,Omsk,54.9173,73.2946
146015,2,Planeta Sushi (Планета Суши),planeta-sushi-planeta-sushi,/w/planeta-sushi-planeta-sushi/146015,,0.0,0.0
146337,3,Svoi da Nashi (Свои да Наши),svoi-da-nashi-svoi-da-nashi,/w/svoi-da-nashi-svoi-da-nashi/146337,Ярославль,57.6256,39.8751
146619,11,Kuptsa Andreeva Brewery (Пивоварня Купца Андреева),kuptsa-andreeva-brewery-pivovarnya-kupca-andreeva,/w/kuptsa-andreeva-brewery-pivovarnya-kupca-andreeva/146619,Vladimir,56.1265,40.4056
146835,3,Ручей,ruchej,/w/ruchej/146835,д. Ручей,56.3984,41.2492
147638,31,Тощий Заяц,toshij-zayac,/Zayka,Perm,58.0297,56.2668
148442,17,Na Shabolovke (На Шаболовке),na-shabolovke-na-shabolovke,/w/na-shabolovke-na-shabolovke/148442,Moscow,55.7207,37.6103
149086,11,Норильская Пивоваренная Компания,norilskaya-pivovarennaya-kompaniya,/w/norilskaya-pivovarennaya-kompaniya/149086,Норильск,69.3521,88.2069
149694,6,Пчеловодный Комбинат Коломенский,pchelovodnyj-kombinat-kolomenskij,/w/pchelovodnyj-kombinat-kolomenskij/149694,пос. Радужный,62.1039,77.4754
149726,27,Dinskoy Pivovarenny Zavod (Динской Пивоваренный Завод),dinskoy-pivovarenny-zavod-dinskoj-pivovarennyj-zavod,/w/dinskoy-pivovarenny-zavod-dinskoj-pivovarennyj-zavod/149726,Динская,45.193,39.2401
150211,12,Уссурийское Пиво,ussurijskoe-pivo,/w/ussurijskoe-pivo/150211,Уссурийск,43.8018,132.01
151307,14,ID Jons,id-jons,/IdJons,Moscow,55.7558,37.6173
151622,9,Docker Draft (Докер Драфт),docker-draft-doker-draft,/w/docker-draft-doker-draft/151622,Vladivostok,43.1372,131.895
152100,16,Производственно-Коммерческий Альянс (ПКА),proizvodstvennokommercheskij-alyans-pka,/w/proizvodstvenno-kommercheskij-alyans-pka/152100,Krasnodar,45.0556,38.8639
152996,13,Частная Пивоварня Дорошенко,chastnaya-pivovarnya-doroshenko,/w/chastnaya-pivovarnya-doroshenko/152996,Rostov-on-Don,47.2403,39.5885
153002,4,Изя Гриль,izya-gril,/w/izya-gril/153002,Москва,55.7558,37.6173
153049,11,Великоустюгский Пивоваренный Завод Бавария,velikoustyugskij-pivovarennyj-zavod-bavariya,/w/velikoustyugskij-pivovarennyj-zavod-bavariya/153049,Velikiy Ustyug,60.7698,46.321
153598,4,Hurlbut (Хорлбат),hurlbut-horlbat,/w/hurlbut-horlbat/153598,Тольятти,53.4995,49.4165
153903,2,Чито-Ра,chitora,/w/chitora/153903,Москва,55.7558,37.6173
154269,9,Пивоварня Кратово (Kratovo Brewery),pivovarnya-kratovo-kratovo-brewery,/w/pivovarnya-kratovo-kratovo-brewery/154269,Сафоново,55.1081,33.2377
154879,10,Частная Пивоварня Bierbach,chastnaya-pivovarnya-bierbach,/w/bierbach/154879,Novosibirsk,55.0741,82.9213
156046,4,Tanuki (Тануки),tanuki-tanuki,/w/tanuki-tanuki/156046,,0.0,0.0
156807,7,Тамбовский Пивовар,tambovskij-pivovar,/w/tambovskij-pivovar/156807,Tambov,52.7044,41.4216
157904,28,Sabotage,sabotage,/Sabotage_Brewery,Perm,58.0297,56.2668
158077,14,Affigen Brewery,affigen-brewery,/Affigen,Нижний Новгород,56.2965,43.9361
158655,19,Башня,bashnya,/w/bashnya/158655,Tula,54.1967,37.5959
158657,52,Augustine (Августин),augustine-avgustin,/AugustinebeerAdmin,Тула,54.179,37.5985
159028,51,Petzold Brewpub,petzold-brewpub,/w/petzold-brewpub/159028,Kazan’,55.8153,49.1317
159300,20,Ant Brewery,ant-brewery,/AntBrewery,Krymsk,44.9128,37.994
159741,0,Sable Castle,sable-castle,/SableCastle,Saint Petersburg,59.9343,30.3351
160430,16,Communal Brewery (Коммунальная Пивоварня),communal-brewery-kommunalnaya-pivovarnya,/CommunalBrewery,Санкт-Петербург,59.9343,30.3351
160567,20,NoName Brew,noname-brew,/NoNameBrewing,Moscow,55.7558,37.6173
161036,8,Milk Bros.,milk-bros,/w/milk-bros/161036,Saint Petersburg,59.9343,30.3351
161346,9,Max Bräu,max-brau,/w/max-brau/161346,Vladimir,56.1282,40.3895
161377,10,Piligrim (Пилигрим),piligrim-piligrim,/w/piligrim-piligrim/161377,Murmansk,68.9071,33.1037
162826,50,Courage Brewery,courage-brewery,/Couragebrewery,Moscow,55.7558,37.6173
163024,52,Trigger,trigger,/triggerbrewery,Moscow,55.7558,37.6173
163848,40,Amadeus Brewery,amadeus-brewery,/Amadeusbrewery,Novosibirsk,55.0041,82.9695
165632,29,Fairbrew,fairbrew,/FairBrew,Tver',56.855,35.9153
166566,15,Старая Крепость,staraya-krepost,/w/staraya-krepost/166566,Korocha,50.8203,37.1998
168615,8,Сарапульский Дрожжепивзавод,sarapulskij-drozhzhepivzavod,/w/sarapulskij-drozhzhepivzavod/168615,Сарапул,56.44,53.7956
168901,74,Sparrow's Brewery,sparrows-brewery,/SparrowsBrewery,Nizhny Novgorod,56.2965,43.9361
169745,8,Ipatovsky Pivzavod (Ипатовский Пивзавод),ipatovsky-pivzavod-ipatovskij-pivzavod,/w/ipatovsky-pivzavod-ipatovskij-pivzavod/169745,Ipatovo,45.7261,42.9287
170515,12,Chitinskie Klyuchi (Читинские Ключи),chitinskie-klyuchi-chitinskie-klyuchi,/w/chitinskie-klyuchi-chitinskie-klyuchi/170515,Chita,51.9971,113.477
170750,7,ПИВОFACTORY,pivofactory,/w/pivofactory/170750,Новосибирск,55.0228,82.923
171028,6,Kontakt Bar (Контакт Бар),kontakt-bar-kontakt-bar,/w/kontakt-bar-kontakt-bar/171028,Санкт-Петербург,59.9343,30.3351
171609,23,Harvest Brewery (Пивоварня Harvest),harvest-brewery-pivovarnya-harvest,/w/harvest-brewery-pivovarnya-harvest/171609,Perm,57.9708,56.2774
173016,14,Северная Звезда,severnaya-zvezda,/w/severnaya-zvezda/173016,Yuzhno-Sakhalinsk,46.9809,142.689
173018,12,Колос,kolos,/w/kolos/173018,Yuzhno-Sakhalinsk,46.9632,142.721
173263,5,Британника (Britannica Brewery),britannika-britannica-brewery,/w/britannika-britannica-brewery/173263,Kaliningrad,54.7104,20.4522
174123,5,Atlas Meadery,atlas-meadery,/atlasmead,Moscow,55.7558,37.6173
174126,2,Bavarius (Бавариус),bavarius-bavarius,/w/bavarius-bavarius/174126,Москва,55.7558,37.6173
174132,0,Brain Blast Brewery,brain-blast-brewery,/BrainBlastBrewery,Moscow,55.7558,37.6173
174449,5,Glavpivtorg (Главпивторг),glavpivtorg-glavpivtorg,/w/glavpivtorg-glavpivtorg/174449,Москва,55.7624,37.6279
175512,0,Spaceman Brewery,spaceman-brewery,/w/spaceman-brewery/175512,Saint Petersburg,59.9343,30.3351
175973,8,Republic Brewing Co.,republic-brewing-co,/w/republic-brewing-co/175973,Kazan’,55.8304,49.0661
176171,24,The Barge,the-barge,/TheBarge,Kemerovo,55.3439,86.0897
176985,7,Two Capitals,two-capitals,/w/two-capitals/176985,Москва,55.7558,37.6173
177527,7,Спорт-Бар Пинта,sportbar-pinta,/w/sport-bar-pinta/177527,Реконструктор,47.3039,39.9351
178194,43,Wooden Beard Brewery,wooden-beard-brewery,/wooden_beard,Levashovo,60.1059,30.1837
179243,75,Wolf's Brewery (Волковская Пивоварня),wolfs-brewery-volkovskaya-pivovarnya,/WolfsBrewery,Moscow,55.7558,37.6173
179636,17,Алко-Профи,alkoprofi,/w/alkoprofi/179636,Sochi,43.666,39.6653
181913,17,Кубанские Минеральные Воды,kubanskie-mineralnye-vody,/w/kubanskie-mineralnye-vody/181913,Khadyzhensk,44.4563,39.5234
181928,1,Дигс Групп,digs-grupp,/w/digs-grupp/181928,Изобильный,45.3696,41.6958
182018,15,FIRST'S Brewery,firsts-brewery,/w/firsts-brewery/182018,Saint Petersburg,59.9343,30.3351
183052,37,Beersfan Brewery,beersfan-brewery,/BeersfanBrewery,Yekaterinburg,56.8092,60.631
183056,25,Jaw Pike,jaw-pike,/w/jaw-pike/183056,Самара,53.2036,50.2132
183788,0,Boomberg Brewery,boomberg-brewery,/BoombergBrewery,Saint Petersburg,59.9343,30.3351
186102,6,Любинский завод пива и кондитерских изделий,lyubinskij-zavod-piva-i-konditerskih-izdelij,/w/lyubinskij-zavod-piva-i-konditerskih-izdelij/186102,Любинский,55.1451,72.7236
186588,12,Gostivar (Гостивар),gostivar-gostivar,/w/gostivar-gostivar/186588,Vladikavkaz,43.0323,44.707
186768,9,ЛисЭль (LisAle),lisel-lisale,/w/lisel-lisale/186768,Тярлево,59.708,30.4456
186910,19,Крист,krist,/w/krist/186910,Chelyabinsk,55.1447,61.4462
186915,4,Пивоваренный Дом Самара,pivovarennyj-dom-samara,/w/pivovarennyj-dom-samara/186915,Samara,53.2301,50.2955
187321,11,Междуреченский Пивоваренный Завод,mezhdurechenskij-pivovarennyj-zavod,/w/mezhdurechenskij-pivovarennyj-zavod/187321,Междуреченск,53.6849,88.0748
187660,40,Городецкая Пивоварня Kitezhbräu (Китежбрау),gorodeckaya-pivovarnya-kitezhbrau-kitezhbrau,/w/gorodeckaya-pivovarnya-kitezhbrau-kitezhbrau/187660,Gorodets,56.65,43.4801
188181,12,Пивоварня купца Лапина,pivovarnya-kupca-lapina,/MerchantLapinsBrewery,Псков,57.7922,28.3339
188243,14,BrewRock Brewery,brewrock-brewery,/BrewRock,Пермь,58.0,56.3167
188411,16,Side Street Brewery,side-street-brewery,/SideStreetBrewery,Moscow,55.7558,37.6173
188419,18,Pivo Zamoskvoretskoe (Пиво Замоскворецкое),pivo-zamoskvoretskoe-pivo-zamoskvoreckoe,/w/pivo-zamoskvoretskoe-pivo-zamoskvoreckoe/188419,Pushkino,55.9863,37.8587
188442,160,4BREWERS,4brewers,/4brewers,Vladimir,56.1272,40.3997
188506,23,Красная Птица,krasnaya-ptica,/OlegKo,Voronezh,51.6842,39.2039
188508,5,Частная Пивоварня Eliseeff,chastnaya-pivovarnya-eliseeff,/w/chastnaya-pivovarnya-eliseeff/188508,Yekaterinburg,56.8324,60.6172
188624,4,Paulaner Bräuhaus Petrozavodsk,paulaner-brauhaus-petrozavodsk,/paulanerptz,Петрозаводск,61.7842,34.3463
189117,122,Heartly Brewery,heartly-brewery,/HeartlyCraftBrewery,Lipetsk,52.6122,39.5981
189489,9,Craft Ultimate Brewery (CUB),craft-ultimate-brewery-cub,/w/craft-ultimate-brewery-cub/189489,Сочи,43.6174,39.7415
189679,42,Ural's Custom Brewery,urals-custom-brewery,/UralsCustomBrewery,Yekaterinburg,56.8389,60.6057
189688,10,Bräubauer (Пивоварня Бройбауэр),braubauer-pivovarnya-brojbauer,/w/braubauer-pivovarnya-brojbauer/189688,Задонск,52.3932,38.9151
189713,6,Altayskaya Medovarnya (Алтайская Медоварня),altayskaya-medovarnya-altajskaya-medovarnya,/w/altayskaya-medovarnya-altajskaya-medovarnya/189713,с. Красногорское,52.2934,86.1851
190662,14,HopsBrew,hopsbrew,/HopsBrew_khv,Хабаровск,48.398,135.168
191081,1,Jiraffe Brewery,jiraffe-brewery,/JiraffeBrewery,,0.0,0.0
193468,23,Hitchcock Brew,hitchcock-brew,/HitchcockBrew,Moscow,55.7558,37.6173
195086,12,Пивоваренная компания Keller (Ессентукский Пивоваренный Завод),pivovarennaya-kompaniya-keller-essentukskij-pivovarennyj-zavod,/w/pivovarennaya-kompaniya-keller-essentukskij-pivovarennyj-zavod/195086,Yessentuki,44.0357,42.8538
195784,7,Завод Российских Национальных Продуктов И Напитков РОСЪ,zavod-rossijskih-nacionalnyh-produktov-i-napitkov-ros,/w/zavod-rossijskih-nacionalnyh-produktov-i-napitkov-ros/195784,Sergiyev Posad,56.2862,38.1209
196026,8,Академия Пива,akademiya-piva,/w/akademiya-piva/196026,Астрахань,46.3476,48.0358
196811,23,Сидры Щедрина,sidry-shedrina,/w/sidry-shedrina/196811,Отделение Садострой,52.9725,40.5166
197201,64,Spbrew,spbrew,/SpBrew_SPb,Saint Petersburg,59.9343,30.3351
197397,9,Рауш Биер,raush-bier,/w/raush-bier/197397,Tuymazy,54.6191,53.7162
197487,16,Борихинский Пивзавод,borihinskij-pivzavod,/w/borihinskij-pivzavod/197487,Borikha,52.2807,82.6288
197913,12,Nieuw Holland Brouwerij,nieuw-holland-brouwerij,/NieuwHollandBrouwerij,Санкт-Петербург,59.9343,30.3351
197958,35,3BeesBrew,3beesbrew,/3BeesBrew,Tambov,52.7236,41.4423
198483,4,Jolly Osvald,jolly-osvald,/w/jolly-osvald/198483,Санкт-Петербург,59.9343,30.3351
198647,1,Stop Motion,stop-motion,/w/stop-motion/198647,Saint Petersburg,59.9343,30.3351
198718,49,Форштадтская Пивоварня,forshtadtskaya-pivovarnya,/w/forshtadtskaya-pivovarnya/198718,Barnaul,53.3473,83.7988
198740,6,Медок (Medok),medok-medok,/w/medok-medok/198740,Voronezh,51.6553,39.0916
198914,62,SmartBrew,smartbrew,/SmartBrew_HandCraft,,0.0,0.0
199077,21,Gellert & Wild Goat,gellert-and-wild-goat,/Gellert,Хилково,53.4767,50.9545
200065,82,Bottle Share,bottle-share,/BottleShare,Moscow,55.7709,37.5968
200067,6,Another One Craft Brewery,another-one-craft-brewery,/AnotherOneCraftBrewery,,0.0,0.0
200452,5,Кропоткинъ,kropotkin,/w/kropotkin/200452,Калиниград,54.7167,20.5167
200677,76,Black Cat Brewery,black-cat-brewery,/BlackCatBrewery,Moscow,55.7283,37.7504
201427,45,GUSI,gusi,/BreweryGusi,Novosibirsk,55.0084,82.9357
202588,14,Pivorama (Пиворама),pivorama-pivorama,/w/pivorama-pivorama/202588,Санкт-Петербург,59.9343,30.3351
202589,56,Chillin'z Brewery,chillinz-brewery,/ChillinzBrewery,Chelyabinsk,55.1644,61.4368
203609,28,Stary Zavod (Старый Завод),stary-zavod-staryj-zavod,/w/stary-zavod-staryj-zavod/203609,Gorodkovichi,54.6526,40.8786
204003,10,Питкофф,pitkoff,/w/pitkoff/204003,Noril'sk,69.3398,88.2226
204554,5,Hogshead Brewery (Пивоварня Хогсхэд),hogshead-brewery-pivovarnya-hogshed,/w/hogshead-brewery-pivovarnya-hogshed/204554,Санкт-Петербург,59.9343,30.3351
205905,45,Пивоварня Империал,pivovarnya-imperial,/don-amayk,Cherepovets,58.9059,38.1343
205967,75,Black Head Brew,black-head-brew,/Beer_Head,Chernogolovka,55.9883,38.3705
206234,69,Ravencraft,ravencraft,/Ravencraft,Voronezh,51.6755,39.2089
206423,9,The Roof Is On Fire Brewery,the-roof-is-on-fire-brewery,/TheRoofIsOnFireBrewery,Kingisepp,59.376,28.6043
206550,33,HumptyDumpty,humptydumpty,/HumptyDumptyBrewery,Rostov-on-Don,47.2357,39.7015
206646,9,Svarnya (Сварня),svarnya-svarnya,/w/svarnya-svarnya/206646,Москва,55.7558,37.6173
206792,5,Brauplatz,brauplatz,/w/brauplatz/206792,Ижевск,56.8516,53.2084
207894,24,DeerBeerCraft Brewery,deerbeercraft-brewery,/DeerBeerCraftBrewery,Задонск,52.3902,38.9315
208044,18,Пинта Мёбиуса (Mobius Pint),pinta-myobiusa-mobius-pint,/MobiusPintBootleggers,Saint Petersburg,59.9343,30.3351
208108,2,Тульский Квас,tulskij-kvas,/w/tulskij-kvas/208108,Щекино,53.9961,37.5084
208576,10,Ханинская Пивоварня (Haninger Brewery),haninskaya-pivovarnya-haninger-brewery,/w/haninskaya-pivovarnya-haninger-brewery/208576,Тула,54.1865,37.5571
208958,0,Papa Goose Brewery,papa-goose-brewery,/w/papa-goose-brewery/208958,Moscow,55.7558,37.6173
209623,136,Green Street Brewery,green-street-brewery,/moscowgreenstreetbrewery,Moscow,55.7558,37.6173
210255,198,Brewlok Brewery,brewlok-brewery,/Brewlokbrewery,Voronezh,51.6755,39.2089
210414,8,Yetti Brewery,yetti-brewery,/YettiBrew,,0.0,0.0
210512,9,ZBS Project,zbs-project,/ZBS_Project,,0.0,0.0
210563,205,Big Village Brewery,big-village-brewery,/BVBrewery,Krasnodar,45.0262,39.046
212349,7,Частная Пивоварня Roppongi,chastnaya-pivovarnya-roppongi,/w/chastnaya-pivovarnya-roppongi/212349,Ялта,44.4961,34.1679
212465,8,Dok'n'Dan,dokndan,/w/dok-n-dan/212465,Moscow,55.7558,37.6173
212756,10,Частная Пивоварня Дубинин,chastnaya-pivovarnya-dubinin,/w/chastnaya-pivovarnya-dubinin/212756,Ульяновск,54.3265,48.3989
212934,5,MoonShine,moonshine,/MoonShine_Tver,Tver',56.8587,35.9176
213332,109,Hophead Brewery,hophead-brewery,/Hophead_Brewery,Saint Petersburg,59.9343,30.3351
213742,64,Gubaha Brewery (Губахинская Пивоварня),gubaha-brewery-gubahinskaya-pivovarnya,/GubahaBrewery,Gubakha,58.8389,57.5544
214237,43,Endemic Mountain Brewery,endemic-mountain-brewery,/w/endemic-mountain-brewery/214237,Sochi,43.6646,40.0725
214687,7,Wiborg,wiborg,/w/wiborg/214687,Vyborg,60.714,28.7572
214835,15,Stolz Brava (Штольц Брава),stolz-brava-shtolc-brava,/w/stolz-brava-shtolc-brava/214835,Красноярск,56.014,93.0365
214844,12,Krasberg Brewery,krasberg-brewery,/KrasbergBrewery,Krasnoyarsk,56.0328,93.0388
214985,3,Plan Pi,plan-pi,/PlanPi,,0.0,0.0
215818,47,Lark Craft (Жаворонская Пивоварня),lark-craft-zhavoronskaya-pivovarnya,/w/lark-craft-zhavoronskaya-pivovarnya/215818,Zhavoronki,55.6481,37.1061
216185,7,Хмельное Подворье,hmelnoe-podvore,/w/hmelnoe-podvore/216185,Иркутск,52.2753,104.288
216403,6,Chernets Brewery,chernets-brewery,/chrntsbrwr,Moscow,55.7558,37.6173
216441,13,Частные Пивоварни Вацлава,chastnye-pivovarni-vaclava,/w/chastnye-pivovarni-vaclava/216441,Asbest,57.0258,61.4726
216713,10,Blackwood,blackwood,/w/blackwood/216713,Vladimir,56.1351,40.4235
217440,11,Gus-Khrustalny (Гусь-Хрустальный),guskhrustalny-gushrustalnyj,/w/gus-khrustalny-gus-hrustalnyj/217440,Gus'-Khrustal'nyy,55.6134,40.6672
217534,27,Феникс Бир,feniks-bir,/lnikv,Novosibirsk,54.961,82.9081
217757,2,Троицкий Келарь,troickij-kelar,/w/troickij-kelar/217757,Sergiyev Posad,56.3242,38.1452
218614,9,Гелиос (Братский пивоваренный завод),gelios-bratskij-pivovarennyj-zavod,/w/gelios-bratskij-pivovarennyj-zavod/218614,Bratsk,56.1456,101.601
219077,7,Чак Норрис Паб,chak-norris-pab,/w/chak-norris-pab/219077,Москва,55.7387,37.6529
220557,10,Иллюминатор,illyuminator,/illuminator_craft_beer,Vyborg,60.714,28.7572
220568,8,Belorechensky Pivovarenny Zavod (Белореченский Пивоваренный Завод),belorechensky-pivovarenny-zavod-belorechenskij-pivovarennyj-zavod,/w/belorechensky-pivovarenny-zavod-belorechenskij-pivovarennyj-zavod/220568,Родники,53.6238,45.0967
221184,3,Timofeevsky Mead (Тимофеевский Мед),timofeevsky-mead-timofeevskij-med,/w/timofeevsky-mead-timofeevskij-med/221184,Дедовск,55.8602,37.1192
221193,10,Пивоварня Купца Алафузова,pivovarnya-kupca-alafuzova,/w/pivovarnya-kupca-alafuzova/221193,Ставрополь,45.0286,41.9752
221835,6,Chester's,chesters,/w/chester-s/221835,Ramenskoye,55.5686,38.2213
222622,47,CasperBrew,casperbrew,/Casper_Brew,Orenburg,51.7666,55.1005
222727,85,Jonathan Brewpub,jonathan-brewpub,/JonathanBrewpub,Novosibirsk,55.0229,82.923
222771,5,Минусинский Пивоваренный Завод,minusinskij-pivovarennyj-zavod,/w/minusinskij-pivovarennyj-zavod/222771,Minusinsk,53.7127,91.6818
222828,19,АСБИР (Адыгейский пивобезалкогольный завод),asbir-adygejskij-pivobezalkogolnyj-zavod,/w/asbir-adygejskij-pivobezalkogolnyj-zavod/222828,Adygeysk,44.8804,39.1986
222952,9,  Зеленогорский пивоваренный завод,zelenogorskij-pivovarennyj-zavod,/w/zelenogorskij-pivovarennyj-zavod/222952,Zelenogorsk,56.0742,92.9552
222958,36,Danilovskaya Pivovarnya (Даниловская Пивоварня),danilovskaya-pivovarnya-danilovskaya-pivovarnya,/w/danilovskaya-pivovarnya-danilovskaya-pivovarnya/222958,Bryansk,53.2378,34.3232
223007,24,Злынковский Завод Каскад,zlynkovskij-zavod-kaskad,/w/zlynkovskij-zavod-kaskad/223007,Злынка,52.4284,31.7331
223530,4,Прибой,priboj,/w/priboj/223530,Starominskaya,46.5295,39.0557
223911,97,GAS Brew,gas-brew,/GASBrew,Saint Petersburg,59.9343,30.3351
224852,10,Tri Olenya (Три Оленя),tri-olenya-tri-olenya,/w/tri-olenya-tri-olenya/224852,Самара,53.2035,50.1432
224937,8,Perla (Перла),perla-perla,/w/perla-perla/224937,Сочи,43.4516,39.9186
225377,7,Comrade Ales,comrade-ales,/ComradeBrewery,Pushkino,55.9878,37.8412
225671,11,Taganrogskaya Pivovarnya (Таганрогская Пивоварня),taganrogskaya-pivovarnya-taganrogskaya-pivovarnya,/w/taganrogskaya-pivovarnya-taganrogskaya-pivovarnya/225671,Таганрог,47.2224,38.9324
225683,14,007,007,/0_0_7,Saint Petersburg,59.9343,30.3351
225791,14,Риатовский Пивовар,riatovskij-pivovar,/w/riatovskij-pivovar/225791,Ivanovo,56.9972,40.9585
225982,13,Фрау Марта (ООО Гармаш),frau-marta-ooo-garmash,/w/frau-marta-ooo-garmash/225982,Rostov-on-Don,47.2129,39.6285
225988,34,Butch & Dutch,butch-and-dutch,/ButchDutch,Kstovo,56.1329,44.174
226823,12,Косулинская Пивоварня,kosulinskaya-pivovarnya,/w/kosulinskaya-pivovarnya/226823,Косулино,56.7411,60.9705
228216,1,Poker Brewing,poker-brewing,/w/poker-brewing/228216,Санкт-Петербург,59.9343,30.3351
228340,16,BR Brew,br-brew,/PodolskBRBrew,Подольск,55.4312,37.5458
229598,4,Running Rat,running-rat,/RunningRat,Раменское,55.5686,38.2213
229814,7,Beer Kingdom,beer-kingdom,/w/beer-kingdom/229814,Омск,54.9885,73.3242
230113,26,Gorilla Brewery,gorilla-brewery,/GorillaBrewery,Khimki,55.9073,37.4318
230142,21,North Brothers,north-brothers,/NorthBrothers,Surgut,61.256,73.3845
230351,46,Brauwelt Brewery,brauwelt-brewery,/w/brauwelt-brewery/230351,Chelyabinsk,55.186,61.2969
230394,28,Eletskoe Pivo (Елецкое Пиво),eletskoe-pivo-eleckoe-pivo,/w/eletskoe-pivo-eleckoe-pivo/230394,Yelets,52.6161,38.5045
230397,5,Nordburg (Нордбург),nordburg-nordburg,/w/nordburg-nordburg/230397,Выборг,60.7214,28.7856
231873,108,Ostrovica,ostrovica,/Ostrovica,Asha,54.9913,57.2663
231950,122,Oka River,oka-river,/OkaRiver,Алеканово,54.6224,39.9768
231966,3,Майкопское Пиво,majkopskoe-pivo,/w/majkopskoe-pivo/231966,Maykop,44.6115,40.1075
232505,119,Пиратская Пивоварня Йохохо,piratskaya-pivovarnya-johoho,/Yohohobeer,Novosibirsk,55.0084,82.9357
232588,40,Zaludi Microbrewery,zaludi-microbrewery,/w/zaludi-microbrewery/232588,Moscow,55.7558,37.6173
232824,13,Outfield Brewery,outfield-brewery,/OutfieldBrewery,Moscow,55.7558,37.6173
233270,27,G.M.P. Brewery,gmp-brewery,/GMPBrewery,Nizhny Novgorod,56.2965,43.9361
234202,19,Crazy Craft,crazy-craft,/w/crazy-craft/234202,Санкт-Петербург,59.9343,30.3351
234217,2,Harat's Irish Pub,harats-irish-pub,/w/harat-s-irish-pub/234217,,0.0,0.0
234257,9,Cat & Clover (Кот И Клевер),cat-and-clover-kot-i-klever,/w/cat-clover-kot-i-klever/234257,Находка,42.8122,132.88
234280,7,Пивоварня Kellers,pivovarnya-kellers,/w/pivovarnya-kellers/234280,Новосибирск,55.0084,82.9357
234419,5,Пивоварня Fain Feld,pivovarnya-fain-feld,/w/pivovarnya-fain-feld/234419,Sochi,43.5692,39.7336
234458,16,Varyag Brewery (Пивоварня Варяг),varyag-brewery-pivovarnya-varyag,/Varyag_Brewery,Kuznetsovo,55.5009,38.3385
234849,8,Ostrog Brewery,ostrog-brewery,/Ostrog,Tver',56.8587,35.9176
235978,8,"Бутылка, Кружка и Котел",butylka-kruzhka-i-kotel,/bkikobrew,,0.0,0.0
236001,7,Ресторан-пивоварня Северный,restoranpivovarnya-severnyj,/w/restoran-pivovarnya-severnyj/236001,Petrozavodsk,61.7892,34.3611
236233,8,Mr. Kolpin,mr-kolpin,/w/mr-kolpin/236233,Колпино,59.7351,30.5627
236249,24,Steppe & Wind Meadery (Степь и Ветер),steppe-and-wind-meadery-step-i-veter,/SteppeNwind,Orenburg,51.7642,55.1022
236426,25,Landau Beerlab,landau-beerlab,/Landau_Beerlab,Sergiyev Posad,56.3242,38.1452
236428,26,Green Basement Brewery,green-basement-brewery,/GreenBasementBrewery,Saint-Petersburg,59.9609,30.3348
236440,28,Brew BarryMore,brew-barrymore,/w/brew-barrymore/236440,Vladimir,56.1446,40.4179
236444,13,Clique Brewery,clique-brewery,/CliqueBrewery,,0.0,0.0
236946,11,Le Trefle Brasserie,le-trefle-brasserie,/LeTrefleBrasserie,Saint Petersburg,59.9343,30.3351
237510,6,Медоварня На Паяхъ,medovarnya-na-payah,/w/medovarnya-na-payah/237510,Volzhskiy,53.4281,50.1302
237796,25,Minin & Pozharsky Brewery,minin-and-pozharsky-brewery,/MininPozharskyBrewery,Nizhny Novgorod,56.2965,43.9361
237899,33,Molotov Brewery,molotov-brewery,/MolotovBrewery,Perm,58.0297,56.2668
238080,16,ЧК,chk,/4k_rostov_,Rostov-on-Don,47.2357,39.7015
238493,51,Law & Brew,law-and-brew,/Law_And_Brew,,0.0,0.0
239166,39,IsKra Brewery,iskra-brewery,/IsKraBrewery,Saint Petersburg,59.9116,30.2808
239398,51,B.B. Craft Brewery,bb-craft-brewery,/w/b-b-craft-brewery/239398,Kirov,58.6035,49.6668
239419,12,Медоварня Традиции Предков,medovarnya-tradicii-predkov,/w/medovarnya-tradicii-predkov/239419,Kursk,51.732,36.2407
239748,9,Sibirsky Standart (Сибирский Стандарт),sibirsky-standart-sibirskij-standart,/w/sibirsky-standart-sibirskij-standart/239748,Omsk,54.9373,73.4082
240426,52,Konix Brewery,konix-brewery,/KonixBrewery,Zarechnyy,53.1856,45.1685
241131,19,Nuclear Brewery,nuclear-brewery,/NuclearBrewery,,0.0,0.0
241406,39,Sonya Krivaya Brewery,sonya-krivaya-brewery,/SonyaKrivayaBrewery,Chelyabinsk,55.1644,61.4368
241689,169,Red Button Brewery,red-button-brewery,/RedButtonBrewery,Moscow,55.7368,37.7235
242056,22,Craft Cartel,craft-cartel,/w/craft-cartel/242056,Москва,55.7558,37.6173
242857,2,Clumsy,clumsy,/ClumsyBrew,,0.0,0.0
243833,11,Glaisbeer,glaisbeer,/w/glaisbeer/243833,Novosibirsk,54.9643,82.9231
245297,36,Kalinkino (Калинкино),kalinkino-kalinkino,/Kalinkino,Калинкино,54.9238,85.777
245758,13,Объединенные Пензенские Водочные Заводы,obedinennye-penzenskie-vodochnye-zavody,/w/obedinennye-penzenskie-vodochnye-zavody/245758,Penza,53.2273,45.0
245810,6,Osiris Brew,osiris-brew,/OsirisBrewCo,Saint Petersburg,59.9343,30.3351
246020,52,Zombie Brew,zombie-brew,/w/zombie-brew/246020,Moscow,55.7558,37.6173
246540,41,Melody Brew,melody-brew,/MelodyBrew,Polevskoy,56.4472,60.1785
247193,10,Emmer,emmer,/w/emmer/247193,Lytkarino,55.5795,37.912
247912,11,Diez Brew,diez-brew,/DiezBrew,Moscow,55.7558,37.6173
248426,20,Пивоварня Craft Ale,pivovarnya-craft-ale,/w/pivovarnya-craft-ale/248426,Самара,53.2749,50.19
248557,10,VanderBeer,vanderbeer,/Vanchester-spb,Saint Petersburg,59.9343,30.3351
248823,9,Кузница Знатного Пива,kuznica-znatnogo-piva,/w/kuznica-znatnogo-piva/248823,Samara,53.2038,50.1606
249137,0,Happy Brew,happy-brew,/w/happy-brew/249137,Санкт-Петербург,59.9343,30.3351
249976,28,Пиватория (Pivatoria),pivatoriya-pivatoria,/w/pivatoriya-pivatoria/249976,Chelyabinsk,55.1644,61.4368
250393,1,Prussia Bier,prussia-bier,/w/prussia-bier/250393,,0.0,0.0
250757,21,JUGGER Brew,jugger-brew,/JGRbrew,Perm,58.0297,56.2668
251557,4,Nuka Brew,nuka-brew,/NukaBrew,Санкт-Петербург,59.9343,30.3351
251891,1,Карачаевская Пивоваренная Компания,karachaevskaya-pivovarennaya-kompaniya,/w/karachaevskaya-pivovarennaya-kompaniya/251891,Карачаевск,43.7722,41.9142
251917,21,Gruit und Bier,gruit-und-bier,/Gruit_Und_Bier,Podolsk,55.4312,37.5458
252019,14,Octopus Brewery,octopus-brewery,/OctopusBrewery,Yekaterinburg,56.8389,60.6057
253439,15,Ultimatum Brewery,ultimatum-brewery,/UltimatumBrewery,Saratov,51.5924,45.9608
254299,2,Tramp Brewery,tramp-brewery,/TrampBrewery,Москва,55.7558,37.6173
255426,10,Золотая Сова,zolotaya-sova,/w/zolotaya-sova/255426,Kemerovo,55.3123,86.1428
255782,5,Пивная Диета (Beer Diet),pivnaya-dieta-beer-diet,/BeerDietSpb,Saint Petersburg,59.9399,30.361
256699,14,Уржумский Продукт,urzhumskij-produkt,/w/urzhumskij-produkt/256699,Kirov,58.6155,49.6373
256908,8,Рог Изобилия,rog-izobiliya,/w/rog-izobiliya/256908,Krasnoyarsk,56.0153,92.8932
257941,8,Northside Brew,northside-brew,/NorthsideBrew,Санкт-Петербург,59.9343,30.3351
258032,10,Open Source Brewing Project,open-source-brewing-project,/OpenSourceBrewingProject,Moscow,55.7558,37.6173
258417,14,Hop-on Hop-off Brewing Company,hopon-hopoff-brewing-company,/Hohobrew,Yekaterinburg,56.8389,60.6057
258646,5,Pub & Shop Декабрист,pub-and-shop-dekabrist,/decabristbrewery,Saratov,51.5924,45.9608
258653,34,Monkfish Brewery,monkfish-brewery,/MonkfishBreweryDeftouch,Samara,53.2696,50.1892
259050,7,Revival Brewery,revival-brewery,/RevivalBrewery,Novovoronezh,51.3208,39.2225
259637,34,50 Оттенков Синего,50-ottenkov-sinego,/50_OC,Saint Petersburg,59.9343,30.3351
260194,0,Bagens Brewery,bagens-brewery,/w/bagens-brewery/260194,Rasskazovo,52.6587,41.8815
260473,32,Davidov (Частная Пивоварня Давыдов),davidov-chastnaya-pivovarnya-davydov,/Davidovav,Serpukhov,54.9194,37.4229
260491,8,Барская Пивница,barskaya-pivnica,/w/d-d0n-n-dod0n-d-d-d2d-d-n-d0/260491,Рязань,54.6269,39.7657
261157,1,Экспедиция Восток,ekspediciya-vostok,/w/brewery/261157,,0.0,0.0
261807,36,Grott Bar,grott-bar,/w/grott-bar/261807,Yekaterinburg,56.84,60.6145
261993,4,Коробейники,korobejniki,/w/korobejniki/261993,Suzdal,56.4192,40.4536
262567,24,Байка Brewery,bajka-brewery,/baikabrewery,Moscow,55.7558,37.6173
262570,10,Brewery #13,brewery-13,/w/brewery-13/262570,Верея,55.3574,36.2062
262851,5,Amorales Brewery,amorales-brewery,/Amorales_Brewery,Moscow,55.7558,37.6173
263162,5,Head Hunter Brew,head-hunter-brew,/w/head-hunter-brew/263162,,0.0,0.0
263517,13,#Поехали!!,poehali,/irishka_babavar,Saint Petersburg,59.9343,30.3351
263529,8,Бургомистр,burgomistr,/w/burgomistr/263529,Москва,55.7572,37.6211
263989,71,ЖУК,zhuk,/Zhuk,Penza,53.2273,45.0
264891,14,Пивоварня BeerFest,pivovarnya-beerfest,/w/pivovarnya-beerfest/264891,Копейск,55.1196,61.6009
264897,16,Лаборатория Пива,laboratoriya-piva,/w/laboratoriya-piva/264897,Челябинск,55.1304,61.3943
265173,7,Чешка,cheshka,/w/cheshka/265173,Ростов-на-Дону,47.2269,39.7142
265472,13,Sibbrewery,sibbrewery,/Sibbrewery,Verkh-Tula - Leninskoye,54.8783,82.7791
265476,12,Бородино / ПК Возрождение,borodino-pk-vozrozhdenie,/w/borodino-pk-vozrozhdenie/265476,Mozhaysk,55.5067,36.0173
265546,26,Brewpeople,brewpeople,/Brewpeople,Kazan’,55.8304,49.0661
267556,33,Los Pivnos Brewery,los-pivnos-brewery,/LosPivnos,Kostroma,57.7775,40.9699
267882,46,Shagov'S Brewing Co.,shagovs-brewing-co,/ShagovSBrewingCo,Lyubertsy,55.6865,37.8982
268592,6,ГагаRинБrew ,gagarinbrew,/Urrin,Chekhov,55.1526,37.4604
268777,7,Hartong,hartong,/w/hartong/268777,Belgorod,50.5997,36.5983
269125,23,Well Beer,well-beer,/w/well-beer/269125,Voskresensk,55.3238,38.6815
269337,32,Brighton Brew,brighton-brew,/w/brighton-brew/269337,Moscow,55.7558,37.6173
269600,12,Подсосновский Пивоваренный Завод Kors,podsosnovskij-pivovarennyj-zavod-kors,/w/podsosnovskij-pivovarennyj-zavod-kors/269600,Podsosnovo,53.3759,78.9202
271235,98,Zavod,zavod,/Zavodbrewery,Khimki,55.9102,37.4343
271705,1,Акваника,akvanika,/w/d-d-d-d-d-d-d-d/271705,,0.0,0.0
271718,20,Пивоварня Vaer,pivovarnya-vaer,/VAER_BEER,Novosibirsk,55.0687,83.0011
273204,31,Пивоварня Николая Копытова,pivovarnya-nikolaya-kopytova,/w/pivovarnya-nikolaya-kopytova/273204,Barnaul,53.3498,83.7836
273850,21,Mighty Owl Brewery,mighty-owl-brewery,/MightyOwlBrewery,Lipetsk,52.6122,39.5981
273982,6, Черчилль (Churchill Pub & Grill),cherchill-churchill-pub-and-grill,/w/cherchill-churchill-pub-grill/273982,Ulan-Ude,51.8239,107.607
274010,27,BUMBLE.BEER,bumblebeer,/BumbleBeerMoscow,Istra,55.9231,36.8661
274557,3,Paulaner Bräuhaus St. Petersburg,paulaner-brauhaus-st-petersburg,/w/paulaner-brauhaus-st-petersburg/274557,Saint Petersburg,59.9311,30.3609
274730,2,Brasserie bbb,brasserie-bbb,/w/brasserie-bbb/274730,Иркутск,52.2881,104.292
274823,27,Clute,clute,/Clute,Yaroslavl,57.6261,39.8845
275231,9,Ostrov Brewery,ostrov-brewery,/OstrovBrewery,,0.0,0.0
275420,44,Hausmann Brewery,hausmann-brewery,/HausmannBrewery,Pervouralsk,56.8999,59.9521
275681,8,Gute Elefant,gute-elefant,/w/gute-elefant/275681,Kazan’,55.8304,49.0661
275723,17,Alchemist Brew Lab,alchemist-brew-lab,/Grainrus,Moscow,55.7558,37.6173
275841,1,Harat's Pub,harats-pub,/w/harat-s-pub/275841,,0.0,0.0
275961,5,Scher Hof,scher-hof,/w/scher-hof/275961,Азов,47.0962,39.3981
276457,16,Бламберг (Blamberg),blamberg-blamberg,/w/blamberg-blamberg/276457,Mineralnye Vody,44.2117,43.1239
276821,26,Ashram Brewery,ashram-brewery,/w/ashram-brewery/276821,Moscow,55.7558,37.6173
276928,13,Панагия,panagiya,/w/brewery/276928,Temryuk,45.271,37.3823
276957,16,Craft RePUBlic,craft-republic,/Craft-RePUBlic,Moscow,55.7558,37.6173
277349,51,ТАРКОС BREWLAB,tarkos-brewlab,/brewlabvrn,Voronezh,51.6686,39.2059
277386,18,VanGogi,vangogi,/VanGogi,Novosibirsk,55.0084,82.9357
277880,7,Воскресенский Пивоваренный Завод,voskresenskij-pivovarennyj-zavod,/w/voskresenskij-pivovarennyj-zavod/277880,Щельпино,55.4262,38.5841
277886,18,Demidov Brewery (Демидовские пивоварни),demidov-brewery-demidovskie-pivovarni,/DemidovBrewery,Nizhny Tagil,57.9215,59.9816
278999,19,Ход конём,hod-konyom,/knightmove,Yekaterinburg,56.8389,60.6057
280047,0,Брайт Craft,brajt-craft,/BrightCraft,Новосибирск,55.0084,82.9357
280149,21,Эльгейзер,elgejzer,/w/elgejzer/280149,Novosibirsk,55.0084,82.9357
280314,22,Booze Pharmacy,booze-pharmacy,/BoozePharmacy,Saint Petersburg,59.9343,30.3351
280320,13,Пивоварня Виталия Болтинова,pivovarnya-vitaliya-boltinova,/w/d-d-d-d-3-4-d-d-n-d-1-2-n-d-d-n-d-d-d-n-d-d-3-4-d-n-d-d-1-2-d-3-4-d-d/280320,Tula,54.2048,37.6185
280440,17,Hops Farm Brewery,hops-farm-brewery,/HopsFarmBrewery,Pushkino,56.0963,37.7374
281810,5,Камышинпищепром ,kamyshinpisheprom,/w/kamyshinpisheprom/281810,Kamyshin,50.0946,45.394
282193,7,Beer'lin,beerlin,/w/beer-lin/282193,Petrozavodsk,61.7782,34.364
282330,5,Maximilian's Brauerei,maximilians-brauerei,/w/maximilian-s-brauerei/282330,,0.0,0.0
282933,7,МюнХель,myunhel,/Munhel,Kazinka,52.5305,39.8276
283298,5,Пивоварня Кочевники,pivovarnya-kochevniki,/w/pivovarnya-kochevniki/283298,Феодосия,45.0319,35.3824
284545,14,Beer Bros Brewery,beer-bros-brewery,/BeerBrosBrewery_Moscow,Moscow,55.8207,37.7431
284988,1,BeerExpert Brewing Project,beerexpert-brewing-project,/BeerExpertBrewingProject,Moscow,55.7558,37.6173
285347,5,Soyuz-Vino (Союз-Вино),soyuzvino-soyuzvino,/w/soyuz-vino-soyuz-vino/285347,Varenikovskaya,45.1091,37.6344
285420,19,Crazy Brew,crazy-brew,/CrazyBrewRU,Nizhny Tagil,57.9215,59.9816
286505,22,Royal Omar Brewery,royal-omar-brewery,/RoyalOmarBrewery,Светлый,56.413,38.7756
286921,7,Kombucha Hill,kombucha-hill,/w/kombucha-hill/286921,Saint Petersburg,59.9343,30.3351
287254,23,Fun Craft Brew,fun-craft-brew,/FunCraftBrew,Томск,56.4629,84.9646
287985,6,Medovar (Медовар),medovar-medovar,/w/medovar-medovar/287985,Орёл,52.9668,36.0625
288149,8,Edda Brew,edda-brew,/EddaBrew,Saint Petersburg,59.9343,30.3351
288241,2,Optimist Brewery,optimist-brewery,/OptimistBrewery,Kaluga,54.5519,36.2851
288618,11,KGB,kgb,/KoshelevGvozdikovBrewery,,0.0,0.0
289647,11,Шульгинский ПБК,shulginskij-pbk,/Shulginsky,Shul'gin Log,52.1716,85.8522
290575,39,sTs brewery,sts-brewery,/sts_brewery,Saint Petersburg,59.9343,30.3351
290748,26,Craft University Brewery,craft-university-brewery,/w/craft-university-brewery/290748,Krasnoyarsk,56.0016,92.8322
290898,15,"Уфимский пивоваренный завод ""Крафт""",ufimskij-pivovarennyj-zavod-kraft,/w/ufimskij-pivovarennyj-zavod-kraft/290898,Ufa,54.7388,55.9721
291015,4,Vagrus (Вагрус),vagrus-vagrus,/w/vagrus-vagrus/291015,Pobeda,44.2925,40.3112
291165,15,Пивоварня Art-Beer,pivovarnya-artbeer,/w/pivovarnya-art-beer/291165,Barnaul,53.3548,83.7698
291298,72,Rustique Pivasique,rustique-pivasique,/RustiquePivasique,Moscow,55.7558,37.6173
291966,9,Franz Petrov,franz-petrov,/Franz_Petrov,Moscow,55.7558,37.6173
292221,7,Peaky Blinder Crew,peaky-blinder-crew,/PeakyBlinderCrew,Saint Petersburg,59.9343,30.3351
292223,16,Дамиан,damian,/w/damian/292223,Tolyatti,53.5086,49.4198
292391,1,ToNYc,tonyc,/w/tonyc/292391,,0.0,0.0
292498,18,Бамберг (Bamberg),bamberg-bamberg,/w/bamberg-bamberg/292498,Volgograd,48.7079,44.5237
292513,15,Ресторан Грют (Restaurant Grut),restoran-gryut-restaurant-grut,/w/restoran-gryut-restaurant-grut/292513,Москва,55.6187,37.7152
294274,4,Brezel Brauhaus,brezel-brauhaus,/w/brezel-brauhaus/294274,Миасс,55.1428,60.1218
295165,12,United Butchers,united-butchers,/w/united-butchers/295165,Saint Petersburg,59.9392,30.36
295702,5,Moscowpubs Beer Band,moscowpubs-beer-band,/w/moscowpubs-beer-band/295702,Moscow,55.7558,37.6173
296282,0,Kaluzhin Brewery (Пивоварня Калужин),kaluzhin-brewery-pivovarnya-kaluzhin,/KaluzhinBrewery,Moscow,55.7558,37.6173
296309,17,Riverside (ООО «Волжское»),riverside-ooo-volzhskoe,/w/riverside-ooo-volzhskoe/296309,Dubna,56.732,37.1669
296508,0,Palma,palma,/Palma-brewery,Yekaterinburg,56.8389,60.6057
298933,10,Around The World,around-the-world,/AroundTheWorld,Saint Petersburg,59.9343,30.3351
300101,15,Baltic Bay,baltic-bay,/BalticBayBrewery,Saint Petersburg,59.9343,30.3351
300184,15,1984 Brewing Co.,1984-brewing-co,/w/1984-brewing-co/300184,Омск,54.985,73.3755
300534,6,Нефтекамская Пивоваренная Компания,neftekamskaya-pivovarennaya-kompaniya,/w/neftekamskaya-pivovarennaya-kompaniya/300534,Neftekamsk,56.1026,54.2867
300961,31,Kambeer Brewery,kambeer-brewery,/w/kambeer-brewery/300961,Каменск-Уральский,56.4253,61.9223
301100,23,Пивные традиции,pivnye-tradicii,/w/brewery/301100,Novaya Usman',51.6263,39.4129
301347,145,XP Brew,xp-brew,/XPBrew,Gagarin,55.5377,35.0158
301549,48,Brew Division,brew-division,/BrewDiv,Saint Petersburg,60.0794,30.3698
301886,25,NSK Brewery,nsk-brewery,/w/nsk-brewery/301886,Novosibirsk,55.0084,82.9357
302980,20,SVOI Brewing,svoi-brewing,/BarSVOIBrewing,Sergiyev Posad,56.3242,38.1452
302991,4,ООО Сайдерс,ooo-sajders,/w/ooo-sajders/302991,Moscow,55.7558,37.6173
303122,7,Jokikylä Brewers And Cider Makers,jokikyla-brewers-and-cider-makers,/Jokikyla,Большой Бор,60.5387,28.1365
303428,15,Криве,krive,/Krive_Brewery,Pskov,57.8167,28.3345
304237,18,Telmann,telmann,/Telmann,Saint Petersburg,59.8006,30.5473
304432,14,8 Barrels Brew,8-barrels-brew,/8BarrelsBrew,Красная Пахра,55.4331,37.2706
305710,6,Beerwolf,beerwolf,/w/beerwolf/305710,,0.0,0.0
305986,32,Mookhomor Production,mookhomor-production,/MookhomorProduction,Saint Petersburg,59.9343,30.3351
306143,8,Borinskoe (Боринское),borinskoe-borinskoe,/w/borinskoe-borinskoe/306143,Borinskoye,52.4632,39.3792
306362,9,Gustav & Gustav,gustav-and-gustav,/w/gustav-gustav/306362,Khabarovsk,48.4788,135.065
307033,7,Entuziast Brewery,entuziast-brewery,/EntuziastBrewery,Chelyabinsk,55.1545,61.371
308070,8,Frontier Brewery,frontier-brewery,/FrontierBrewery,Saint Petersburg,59.9343,30.3351
308274,3,Золотой Носорог,zolotoj-nosorog,/w/zolotoj-nosorog/308274,Moscow,55.7558,37.6173
308737,1,PepsiCo,pepsico,/w/pepsico/308737,Domodedovo,55.443,37.7478
309818,15,FUZZZZ,fuzzzz,/FUZZMUFF,,0.0,0.0
310155,35,Pivzavod77 Brewery & Pub,pivzavod77-brewery-and-pub,/pivzavod77dotru,Moscow,55.7785,37.6724
310200,20,ЛЭП (Лаборатория Экспериментального Пивоварения),lep-laboratoriya-eksperimentalnogo-pivovareniya,/w/lep-laboratoriya-eksperimentalnogo-pivovareniya/310200,Moscow,55.7558,37.6173
310413,62,Частная Пивоварня ПетровичЪ,chastnaya-pivovarnya-petrovich,/petrovich_craft,Stavropol,45.0638,42.0006
310414,64,Wild Lab,wild-lab,/WildLab,Moscow,55.7558,37.6173
310885,9,Francis,francis,/w/francis/310885,Arkhangelsk,64.5472,40.5602
310980,42,Samovar Brew,samovar-brew,/SamovarBrew,Moscow,55.7558,37.6173
312029,47,The Ded & Paddle (Дед с веслом),the-ded-and-paddle-ded-s-veslom,/w/the-ded-paddle-ded-s-veslom/312029,Vakhrushi,58.668,50.0352
312193,41,Alaska Brewery,alaska-brewery,/AlaskaBreweryCo,Zheleznodorozhny,55.7374,38.0095
312323,27,Snowcap Brewing,snowcap-brewing,/Snowcapbrewing,Petrozavodsk,61.7782,34.364
312442,1,Blackout Brewery,blackout-brewery,/blackoutbr,,0.0,0.0
313024,9,Частная пивоварня Joker,chastnaya-pivovarnya-joker,/w/chastnaya-pivovarnya-joker/313024,Ryazan,54.6095,39.7126
313558,8,Частная Пивоварня Инженера Воробьева,chastnaya-pivovarnya-inzhenera-vorobeva,/MaxSparrow,Kratovo,55.5893,38.1529
313609,4,Heartly Cidery,heartly-cidery,/HeartlyCidery,Lipetsk,52.6122,39.5981
314664,4,Pijma,pijma,/Pijma_Cider,,0.0,0.0
314813,5,Флюгер,flyuger,/Fluger,Saint Petersburg,59.9343,30.3351
314856,25,Пивоварня МИРБИР (MirBeer Brewery),pivovarnya-mirbir-mirbeer-brewery,/MirBeerBrewery,Saint Petersburg,59.9343,30.3351
315273,5,Пивоваренный дом BrauMeister,pivovarennyj-dom-braumeister,/w/pivovarennyj-dom-braumeister/315273,Arkhangelsk,64.5472,40.5602
317130,24,AbsurdBrew,absurdbrew,/AbsurdBrew,Yekaterinburg,56.8389,60.6057
317383,19,68 Пауза,68-pauza,/w/68-pauza/317383,Zelenograd,55.9872,37.2022
318603,8,Оренбургский пивоваренный завод «Крафт»,orenburgskij-pivovarennyj-zavod-kraft,/w/orenburgskij-pivovarennyj-zavod-kraft/318603,Orenburg,51.7666,55.1005
318605,10,Old Boys,old-boys,/w/old-boys/318605,Medoveevka,43.6646,40.0725
319457,3, Корчма Тарас Бульба,korchma-taras-bulba,/w/brewery/319457,,0.0,0.0
320515,22,LiS Brew,lis-brew,/lisbrewspb,Saint Petersburg,59.9343,30.3351
320619,5,Hartman (Хартман),hartman-hartman,/w/hartman-hartman/320619,Ob',55.0006,82.6824
320821,22,Кафедра Сидра,kafedra-sidra,/Kafedra_sidra,Samara,53.2415,50.2212
321641,5,LEWENBIER,lewenbier,/w/lewenbier/321641,Ulyanovsk,54.3182,48.3838
322214,19,Flügel,flugel,/flugelbeer,Saint Petersburg,59.9343,30.3351
322250,2,William Bass,william-bass,/w/william-bass/322250,,0.0,0.0
322820,10,Zdechly Vrabec,zdechly-vrabec,/ZVBREWERY,Moscow,55.7558,37.6173
323246,45,DaLi Brewery,dali-brewery,/DaLiBrew,Moscow,55.7939,37.5154
323521,1,Bad Boyz Brewery,bad-boyz-brewery,/BadBoyz,Moscow,55.7558,37.6173
324077,5,Домашние Рецепты (ООО «Домашний»),domashnie-recepty-ooo-domashnij,/w/domashnie-recepty-ooo-domashnij/324077,Murom,55.5674,42.0166
324098,31,Atmosphere Brewery,atmosphere-brewery,/Atmosphere_Brewery,Zelenograd,55.9872,37.2022
324549,21,FFF BREW,fff-brew,/FFFBREW,Moscow,55.7558,37.6173
324575,8,РПК Кореновский,rpk-korenovskij,/w/rpk-korenovskij/324575,Korenovsk,45.4624,39.4481
324582,0,Outside Brewing,outside-brewing,/w/outside-brewing/324582,Kazan’,55.7879,49.1233
325536,81,Selfmade Brewery,selfmade-brewery,/Selfmade_Brewery,Moscow,55.8981,37.5336
326364,13,Pryden Brewery,pryden-brewery,/prydenbrew,Moscow,55.7558,37.6173
327074,5,Заповедник,zapovednik,/Zapovednick,Pushkinskiye Gory,57.0228,28.9142
328060,6,Beerfest Brewery And Restaurant,beerfest-brewery-and-restaurant,/BeerfestBreweryAndRestaurant,Khabarovsk,48.4787,135.063
328597,9,Khoffner Brewery,khoffner-brewery,/Khoffner_RU,,0.0,0.0
329459,8,JediBeer Brewery,jedibeer-brewery,/JediBeer_Brewery,Moscow,55.8461,37.3621
329620,17,Пивоварня Хмельник,pivovarnya-hmelnik,/w/pivovarnya-hmelnik/329620,Bor,56.6126,44.0957
330226,5,High Hops,high-hops,/High_Hops_brew,Moscow,55.7558,37.6173
331337,7,Главпиво,glavpivo,/w/brewery/331337,,0.0,0.0
331488,10,Vansdorf,vansdorf,/w/vansdorf/331488,Kemerovo,55.345,86.0623
331520,60,Daviz Beer,daviz-beer,/DavizBeer,Rostov-on-Don,47.2357,39.7015
331742,5,Esenin Brewery ,esenin-brewery,/w/esenin-brewery/331742,Moscow,55.7558,37.6173
331829,138,Rewort Brewery,rewort-brewery,/Rewort,Sergiyev Posad,56.3336,38.1293
331947,0,New Chicago,new-chicago,/NewChicago,Novosibirsk,55.0084,82.9357
332179,6,AderBeer,aderbeer,/w/aderbeer/332179,Al'met'yevsk,54.8937,52.3173
332684,7,Paulaner Bräuhaus Moscow,paulaner-brauhaus-moscow,/w/paulaner-brauhaus-moscow/332684,Москва,55.7558,37.6173
332788,1,Кексгольмские дачники,keksgolmskie-dachniki,/w/brewery/332788,Priozersk,61.0386,30.1297
332805,37,Starling's Brewery,starlings-brewery,/StarlingsBrewery,Nizhny Novgorod,56.2965,43.9361
332841,0,Beta Brew,beta-brew,/Beta_Brew,Nizhny Novgorod,56.3269,44.0059
333041,45,Malakhovskaya brewery (Малаховская пивоварня),malakhovskaya-brewery-malahovskaya-pivovarnya,/MalakhovskoePivo,Yoshkar-Ola,56.6408,47.9043
333828,0,TROLLSKULL,trollskull,/TROLLSKVLL,Moscow,55.7558,37.6173
334091,40,CHIBIS Brewery,chibis-brewery,/CHIBISBrewery,Moscow,55.7558,37.6173
334093,54,39 Domestic Ales,39-domestic-ales,/39DomesticAles,Нижний Новгород,56.2965,43.9361
334265,12,Good Company Brewery (Хорошая компания),good-company-brewery-horoshaya-kompaniya,/w/good-company-brewery-horoshaya-kompaniya/334265,Chelyabinsk,55.1644,61.4368
336010,3,Katyusha,katyusha,/w/katyusha/336010,,0.0,0.0
336082,7,DK Brewery,dk-brewery,/w/dk-brewery/336082,Volgograd,48.708,44.5133
336428,4,Paulaner Bräuhaus Chelyabinsk,paulaner-brauhaus-chelyabinsk,/w/paulaner-br-uhaus-chelyabinsk/336428,Chelyabinsk,55.1644,61.4368
336528,10,Zarayskaya Chastnaya Pivovarnya (Зарайская частная пивоварня),zarayskaya-chastnaya-pivovarnya-zarajskaya-chastnaya-pivovarnya,/w/zarayskaya-chastnaya-pivovarnya-zarajskaya-chastnaya-pivovarnya/336528,Зарайский,54.7585,38.8818
336908,32,Happy Brew ,happy-brew,/Happy_Brew_,Муром,55.5674,42.0166
336953,3,Craft Dealer,craft-dealer,/w/craft-dealer/336953,Saint Petersburg,59.9343,30.3351
337590,1,Каждый день,kazhdyj-den,/w/brewery/337590,,0.0,0.0
337614,16,RMBrew,rmbrew,/RMBrewery,Мышецкое,56.0342,37.3524
337745,4,ГлавПивМаг,glavpivmag,/w/d-d-d0d2d-d-d2d-d0d3/337745,Moscow,55.7558,37.6173
338050,7,1703,1703,/1703,Saint Petersburg,59.9343,30.3351
338066,34,Mad Max,mad-max,/Mad_M,Saint Petersburg,59.9343,30.3351
338333,34,Dog Day Brewery,dog-day-brewery,/DogDayBrewery,Malakhovka,55.635,38.0102
339790,31,MANFAS Brewery,manfas-brewery,/MANFASbrewery,Moscow,55.7558,37.6173
340353,18,RIFFS 'N' BEERS,riffs-n-beers,/RIFFSNBEERS,Saint Petersburg,59.9343,30.3351
340788,22,Borderless brewery,borderless-brewery,/Borderless_brewery,Санкт-Петербург,60.027,30.4234
341132,11,Крайсберг,krajsberg,/w/krajsberg/341132,Stavropol,45.0455,41.9683
341137,9,Beard Brew,beard-brew,/Beard_Brew,Moscow,55.7558,37.6173
341490,19,AirCraft,aircraft,/w/aircraft/341490,Nizhny Novgorod,56.2965,43.9361
341509,3,Славичъ,slavich,/w/slavich/341509,Zaraysk,54.7585,38.8818
342060,6,Black Spot Brewery,black-spot-brewery,/BlackSpot,Moscow,55.7558,37.6173
342071,35,Seven Hills Brewing Co.,seven-hills-brewing-co,/sevenhillsbrewingco,Moscow,55.7558,37.6173
342181,26,Double A Brewing,double-a-brewing,/doubleabrewingrussia,Оболенск,54.9791,37.2249
343236,17,Пивовар Кулик,pivovar-kulik,/w/d-d-d2d-d2d0n-d-n-d-d-do/343236,Korenëvshchina,52.7344,39.8379
343307,35,Barbudos,barbudos,/Barbudos,Добрунское сельское поселение,53.0409,33.2691
343484,11,Noise & Flame,noise-and-flame,/NoiseFlame,,0.0,0.0
343710,7,Beer Tap Brewery,beer-tap-brewery,/w/beer-tap-brewery/343710,,0.0,0.0
344475,19,Дагомысская крафтовая пивоварня,dagomysskaya-kraftovaya-pivovarnya,/w/dagomysskaya-kraftovaya-pivovarnya/344475,Sochi,43.6028,39.7342
344561,39,Пивоварня Чаща / Thicket Brewery,pivovarnya-chasha-thicket-brewery,/ThicketBrewery,Moscow,55.9005,37.5295
344564,22,Custom Brewery,custom-brewery,/Custom_Brewery,Dedovsk,55.8628,37.1217
344750,17,Hippo Brew,hippo-brew,/w/hippo-brew/344750,Moscow,55.7558,37.6173
344775,7,Пивоваренный завод Сибирь,pivovarennyj-zavod-sibir,/w/pivovarennyj-zavod-sibir/344775,Omsk,54.9885,73.3242
345054,12,Alpen Beer,alpen-beer,/w/alpen-beer/345054,Тахтамукай,44.9281,38.9804
345141,24,First Jump Brewery,first-jump-brewery,/First_Jump_Brewery,Vyborg,60.7135,28.757
345718,8,Twins,twins,/w/twins/345718,Saint Petersburg,59.9343,30.3351
345828,12,Тугер,tuger,/w/brewery/345828,Tarusa,54.7275,37.1811
345872,0,FruitWood Brewery,fruitwood-brewery,/FruitwoodBrewery,Moscow,55.7558,37.6173
346001,25,ALIBI Brewery,alibi-brewery,/ALIBI_Brewery,Yekaterinburg,56.8389,60.6057
346219,1,Афоня,afonya,/w/brewery/346219,,0.0,0.0
347302,7,Sezam,sezam,/w/sezam/347302,Cheboksary,56.1168,47.2628
348464,8,Хмельбург,hmelburg,/w/hmelburg/348464,Kuznetsk,53.1184,46.5846
348857,32,  Cider House (ТД Фонте),cider-house-td-fonte,/w/cider-house-td-fonte/348857,Oktiabrskaya,46.2813,39.8062
349429,11,Первая Михайловская пивоварня,pervaya-mihajlovskaya-pivovarnya,/w/pervaya-mihajlovskaya-pivovarnya/349429,Mikhaylovsk,45.1287,42.0092
350001,25,Vottovaara,vottovaara,/w/vottovaara/350001,Petrozavodsk,61.7678,34.3573
350237,3,Пятигорский Пивоваренный Завод,pyatigorskij-pivovarennyj-zavod,/w/pyatigorskij-pivovarennyj-zavod/350237,Zheleznovodsk,44.0806,43.1027
350595,5,Double Duck,double-duck,/w/double-duck/350595,Krasnodar,45.0393,38.9872
350701,8,Пивоварня №1,pivovarnya-1,/w/1/350701,Kursk,51.7092,36.1562
351394,24,Cheers Brewery,cheers-brewery,/cheers_brew,Naro-Fominsk,55.3916,36.7249
352590,18,Not Exactly,not-exactly,/NXbrew,Samara,53.2415,50.2212
352868,5,Underdog,underdog,/w/underdog/352868,,0.0,0.0
354056,7,Skipper (ООО Шкипер) ,skipper-ooo-shkiper,/w/skipper-ooo-shkiper/354056,Rostov-on-Don,47.2357,39.7015
354303,7,Old School,old-school,/Old_School_Brewery,,0.0,0.0
354563,15,DARKSIDE,darkside,/DARK_SIDE,Moscow,55.7558,37.6173
354907,14,Крестьянская пивоварня №1,krestyanskaya-pivovarnya-1,/w/krestyanskaya-pivovarnya-1/354907,Kuznetsovo,55.5009,38.3385
355334,12,Lighthouse Brew,lighthouse-brew,/Lighthouse_Brew,Saint Petersburg,59.8643,30.3095
355537,9,Glockners,glockners,/w/glockners/355537,Voronezh,51.6755,39.2089
355808,5,The Frols Brewery,the-frols-brewery,/TheFrolsBrewery,Krasnoznamensk,55.593,37.0423
356645,20,Gorkovskaya Brewery (Горьковская пивоварня),gorkovskaya-brewery-gorkovskaya-pivovarnya,/GorkyBrewery,Nizhny Novgorod,56.3293,43.9912
357545,16,Duel! Brewery,duel-brewery,/w/duel-brewery/357545,Zlatoust,55.1175,59.6998
357898,4,Камчатский Пивоваренный Завод,kamchatskij-pivovarennyj-zavod,/w/kamchatskij-pivovarennyj-zavod/357898,Petropavlovsk-Kamchatskiy,53.0409,158.678
357922,14,Sergacore Brewery,sergacore-brewery,/sergacorebrewery,,0.0,0.0
357947,10,Bullevie,bullevie,/Bullevie_Cidre,Saint Petersburg,59.9343,30.3351
358014,3,MossBrew  ,mossbrew,/MossBrewMoscow,Moscow,55.7558,37.6173
359089,5,PAPA'S HOBBY,papas-hobby,/PAPAs_HOBBY,Moscow,55.7558,37.6173
359675,11,When Stars Attack Brew,when-stars-attack-brew,/WhenStarsAttack,,0.0,0.0
359693,3,Авторская пивоварня,avtorskaya-pivovarnya,/w/brewery/359693,Nizhny Novgorod,56.3269,44.0059
359870,8,ZZ Brew,zz-brew,/ZZBrew,Moscow,55.7558,37.6173
360350,1,Ram & Lion Cidery,ram-and-lion-cidery,/RamLionCidery,,0.0,0.0
360535,10,Bier Konig (Пивной король) ,bier-konig-pivnoj-korol,/w/bier-konig-pivnoj-korol/360535,Saint Petersburg,59.9343,30.3351
360545,25,Der Kater Brewery,der-kater-brewery,/Der_Kater,Saint Petersburg,59.9343,30.3351
360552,19,BrewT!,brewt,/brewtbeer,Saint Petersburg,59.9343,30.3351
360695,15,Haavus Brewery,haavus-brewery,/haavus_brewery,,0.0,0.0
361289,14,DNC Brewery (ДНК Brewery),dnc-brewery-dnk-brewery,/DNCBrewery,Moscow,55.7558,37.6173
362347,14,COVERCRAFT,covercraft,/w/covercraft/362347,Barnaul,53.3548,83.7698
362351,10,У Пушкина,u-pushkina,/w/u-pushkina/362351,Омск,54.9925,73.3603
362771,15,Dyukk (Дюкк),dyukk-dyukk,/w/dyukk-d-n-dodo/362771,Chulkovo,55.5544,38.0589
363093,6,True Winner Brewery,true-winner-brewery,/w/true-winner-brewery/363093,Moscow,55.7558,37.6173
363117,38,Solbirs Brewery,solbirs-brewery,/SolbirsBrewery,Oryol,52.9668,36.0625
363774,21,Kalevala,kalevala,/Kalevala1,Moscow,55.7558,37.6173
363881,17,Anton Pivovarov,anton-pivovarov,/AntonPivovarov,Rostov-on-Don,47.2357,39.7015
363965,26,Dogma,dogma,/DogmaBreweryTyumen,Tyumen,57.1678,65.4848
365061,44,BANDARLOG Brewery,bandarlog-brewery,/bandarlog,Kazan’,55.8304,49.0661
365901,14,Green Light Brewery,green-light-brewery,/w/green-light-brewery/365901,Зарайский,54.7585,38.8818
366326,22,Craft Beer Master,craft-beer-master,/Craft_Beer_Master,Kemerovo,55.345,86.0623
366337,12,Arshinov Brewery,arshinov-brewery,/Arshinov_Brewery,Севастополь,53.4555,35.1871
367299,6,Хмель и Солод,hmel-i-solod,/w/brewery/367299,,0.0,0.0
367664,19,N'STEIN Brewery,nstein-brewery,/w/n-stein-brewery/367664,Dinskaya,45.2206,39.2308
367997,22,Šafrat & Bordos,safrat-and-bordos,/w/safrat-bordos/367997,Kaliningrad,54.7104,20.4522
368185,17,BEERMANBRU,beermanbru,/BeerManBru,Москва,55.6418,37.6132
368554,3,Mushroom Beer,mushroom-beer,/w/mushroom-beer/368554,,0.0,0.0
368733,8,Карибу Комбуча,karibu-kombucha,/Karibu_Kombucha,Moscow,55.7558,37.6173
369094,4,BeerCoin Brewery,beercoin-brewery,/BeerCoin_Brewery,Moscow,55.7558,37.6173
369200,2,Teremok (Теремок),teremok-teremok,/w/teremok/369200,,0.0,0.0
370320,37,Лось и Кедр (Moose & Cedar),los-i-kedr-moose-and-cedar,/KAE-555,Barnaul,53.3548,83.7698
372052,4,Асгард,asgard,/w/asgard/372052,Emmaus,56.7788,36.1127
372110,12,Loki Bryggeri,loki-bryggeri,/Loki_Bryggeri,Saint Petersburg,59.9343,30.3351
372143,15,Road & Brew. Road Craft Brewery,road-and-brew-road-craft-brewery,/RoadBrewery,,0.0,0.0
372217,8,Первореченский пивзавод,pervorechenskij-pivzavod,/w/pervorechenskij-pivzavod/372217,Krasnodar,45.0393,38.9872
373133,4,Буковски,bukovski,/w/brewery/373133,,0.0,0.0
373328,13,Паб-пивоварня Тайга,pabpivovarnya-tajga,/w/pab-pivovarnya-tajga/373328,Lipetsk,52.6122,39.5981
373672,6,Imperial Barrel,imperial-barrel,/w/imperial-barrel/373672,Novosibirsk,55.0084,82.9357
374446,3,Pilgrim Brewer,pilgrim-brewer,/Pilgrim_Brewer,Moscow,55.7558,37.6173
374618,26,SVIN & GUS,svin-and-gus,/SvinGus,Tolyatti,53.5086,49.4198
374926,5,Ale Syndicate,ale-syndicate,/alesyndicatebrew,Moscow,55.7558,37.6173
374951,5,Stump,stump,/Stumpmoscow,Moscow,55.7558,37.6173
375529,7,Buffalo Brewery,buffalo-brewery,/w/buffalo-brewery/375529,Kursk,51.7092,36.1562
375696,10,Немец Сварил,nemec-svaril,/NemecBeer,Ufa,54.7388,55.9721
376701,32,Пивоваренная компания BierStadt ,pivovarennaya-kompaniya-bierstadt,/w/pivovarennaya-kompaniya-bierstadt/376701,Novovoronezh,51.3049,39.2199
377077,4,Медоведов,medovedov,/w/medovedov/377077,Zarinsk,53.7066,84.9418
378428,16,Нелжинская пивоварня | Nelzha Brewery,nelzhinskaya-pivovarnya-nelzha-brewery,/nelzha_brewery,Нелжа,52.0425,39.3827
379299,20,Та-Та,tata,/Ta-Ta,Moscow,55.7558,37.6173
379305,45,Scratch Brew,scratch-brew,/ScratchBrew,Yekaterinburg,56.8389,60.6057
379361,9,Beergeek Bureau Expérimental,beergeek-bureau-experimental,/BeergeekBureauExprimental,,0.0,0.0
379688,9,Пиво-медоваренный завод Эрнста Клейна,pivomedovarennyj-zavod-ernsta-klejna,/w/pivo-medovarennyj-zavod-ernsta-klejna/379688,Rzhev,56.2584,34.3284
380036,20,Republic 69,republic-69,/Republic69,Nizhny Tagil,57.9215,59.9816
380328,12,White Stone Brewery,white-stone-brewery,/White_Stone_Brewery,Lytkarino,55.5795,37.912
380539,10,Blitz Brewery,blitz-brewery,/blitz-moscow,,0.0,0.0
380744,14,Beerista,beerista,/w/beerista/380744,Moscow,55.7558,37.6173
381095,13,ColdRiver,coldriver,/_ColdRiver_,Otradnoye,59.7712,30.8029
381536,12,MainStream Brewery,mainstream-brewery,/mstream,Alexandrov,56.3947,38.712
382189,7,Masquerade Brewing Inc.,masquerade-brewing-inc,/MasqueradeBrewingInc,Moscow,55.7558,37.6173
382356,5,Hava Craft Brewery,hava-craft-brewery,/w/hava-craft-brewery/382356,,0.0,0.0
382691,16,ЁD Taproom,yod-taproom,/w/yod-taproom/382691,Kostroma,57.7677,40.9263
382899,46,084Brewery,084brewery,/084Br,Saint Petersburg,59.9343,30.3351
383105,4,IMbrew,imbrew,/w/imbrew/383105,Arkhangelsk,64.5472,40.5602
383973,20,Beerёza,beeryoza,/Beereza_brewery,Saint Petersburg,59.9343,30.3351
384377,6,Slon Beer,slon-beer,/SlonBeer,Yekaterinburg,56.8341,60.6213
384494,28,COVEN Brewery,coven-brewery,/CovenBrew,Moscow,55.7558,37.6173
384618,20,Vortex Brewery,vortex-brewery,/Vortex_Brewery,Ulyanovsk,54.355,48.3544
384674,5,Три Тонны,tri-tonny,/w/tri-tonny/384674,Rostov-on-Don,47.2357,39.7015
384677,5,Две бороды,dve-borody,/w/d-d2d-d-d-n-d-d-n/384677,Vologda,59.2181,39.8978
384756,16,Saufen Brewery,saufen-brewery,/SaufenBrewery,Azovo,54.7048,73.041
384882,2,69 Pints,69-pints,/w/69-pints/384882,Moscow,55.7558,37.6173
385135,9,AleBert Brewery,alebert-brewery,/AleBertBrewery,Chekhov,55.1526,37.4605
385293,6,REDHOP,redhop,/w/redhop/385293,Neftekamsk,56.1026,54.2867
385305,17,DobroVar (Добровар),dobrovar-dobrovar,/w/dobrovar-dobrovar/385305,Kotovsk,52.5974,41.5093
385334,22,White City Brewery (WCB),white-city-brewery-wcb,/w/white-city-brewery-wcb/385334,Sevastopol,44.6166,33.5254
385567,14,Altermann Brewery,altermann-brewery,/Altermann_Brewery,Moscow,55.7558,37.6173
386334,6,Подпольный крафт,podpolnyj-kraft,/podpolniycraft,Konakovo,56.6965,36.7733
386342,28,Appleton Ciders,appleton-ciders,/w/appleton-ciders/386342,Moscow,55.7558,37.6173
386832,34,Poet Brewery&Bar (Поэт – пивоварня и бар),poet-brewery-and-bar-poet-pivovarnya-i-bar,/PoetBrew,Moscow,55.7615,37.6628
386988,11,Gravity Project,gravity-project,/GravityProject,Saint Petersburg,59.9343,30.3351
387341,8,Full Power Brewery,full-power-brewery,/FullPowerBrewery,Saint Petersburg,59.9343,30.3351
388690,6,Double Monkey Brewery,double-monkey-brewery,/w/double-monkey-brewery/388690,Сергеево,55.1667,37.3952
388765,1,KGB Project,kgb-project,/KGBProject,,0.0,0.0
388779,21,Добрый лис,dobryj-lis,/dobryj_lis,Kirov,54.0712,34.3147
389579,10,Медоварня Александра Дмитриевича Шапыгина,medovarnya-aleksandra-dmitrievicha-shapygina,/w/medovarnya-aleksandra-dmitrievicha-shapygina/389579,Ярославль,57.6261,39.8845
390082,19,Ohta Rill Brewery,ohta-rill-brewery,/OhtaRillBrewery,Saint Petersburg,60.0047,30.2234
390349,1,Switch Brewing,switch-brewing,/SwitchBrewing,,0.0,0.0
390354,12,Варочный Порядок,varochnyj-poryadok,/VPBrew,Aramil,56.6994,60.8066
390393,11,Phil. L. Brewery,phil-l-brewery,/w/phil-l-brewery/390393,Vladivostok,43.1198,131.887
390729,5,Коптильня,koptilnya,/w/d-d-d-n-d-d-n-d-n/390729,Saint Petersburg,59.9343,30.3351
391805,12,Таганiй Рогъ,taganij-rog,/w/taganij-rog/391805,Taganrog,47.2416,38.8676
391806,12,Locomotora,locomotora,/Locomotora,Taganrog,47.2416,38.8676
391808,37,DIETA / ДИЕТА,dieta-dieta,/dietabrewery,Saint Petersburg,59.9393,30.3609
392037,4,Alchemy Brew,alchemy-brew,/Alchemy_Brew,Krasnodar,45.0393,38.9872
392350,8,Выборгский эль,vyborgskij-el,/w/brewery/392350,,0.0,0.0
392550,6,Old Grange Brewing Company,old-grange-brewing-company,/w/old-grange-brewing-company/392550,Серпухов,54.9204,37.3856
392796,3,BarrelBrew,barrelbrew,/BarrelBrew,Moscow,55.7558,37.6173
393191,28,Rainbow Fish Brewery,rainbow-fish-brewery,/RainbowFishBrewery,Moscow,55.7558,37.6173
393455,7,Лесник и Ведьма (Lesnik & Ved'ma),lesnik-i-vedma-lesnik-and-vedma,/LesnikVedma,Moscow,55.7558,37.6173
394118,4,Августин ,avgustin,/w/avgustin/394118,Chita,52.0515,113.471
394127,5,Beer Insiders Co.,beer-insiders-co,/w/beer-insiders-co/394127,,0.0,0.0
394881,5,Alter Bauer,alter-bauer,/w/alter-bauer/394881,Saint Petersburg,59.8809,30.2906
394913,5,Boroda (Борода),boroda-boroda,/w/boroda-boroda/394913,Cheboksary,56.1441,47.2523
394984,65,Brew Barrel,brew-barrel,/Brew_Barrel,Kazan’,55.8304,49.0661
395964,25,Rock'n'Beer,rocknbeer,/rocknbeer_brewing,Saint Petersburg,59.9343,30.3351
396310,5,Beerline (Бирлайн),beerline-birlajn,/w/beerline-birlajn/396310,Khabarovsk,48.5158,135.101
396345,14,SWABZ,swabz,/SWABZ,Kostroma,57.7639,40.9508
396389,5,La Birra Eataly,la-birra-eataly,/w/la-birra-eataly/396389,,0.0,0.0
396909,42,Пивоварня Якорь,pivovarnya-yakor,/w/pivovarnya-yakor/396909,Crimean Peninsula,45.3453,34.4997
397726,19,Atom Brew,atom-brew,/AtomBrew,Obninsk,55.117,36.5971
398312,16,Brew Wood (Венский Лес),brew-wood-venskij-les,/w/brew-wood-venskij-les/398312,Balabanovo,55.1811,36.6663
398327,25,Салаир,salair,/w/salair/398327,Maslyanino,54.3453,84.2098
398474,27,Revolution Brewery,revolution-brewery,/w/revolution-brewery/398474,Moscow,55.7558,37.6173
398481,7,Brew Ale,brew-ale,/Brew_Ale,Saint Petersburg,59.9343,30.3351
398691,15,Моцарт (Mozart),mocart-mozart,/w/mocart-mozart/398691,Irkutsk,52.277,104.355
399537,3,Pig And Mouse,pig-and-mouse,/w/pig-and-mouse/399537,,0.0,0.0
399633,16,Nightingale,nightingale,/NGBrewery,Kurchatov,51.659,35.6697
399791,5,Hopmalt ,hopmalt,/w/hopmalt/399791,Yaroslavl,57.6242,39.8915
400438,15,Sambrew,sambrew,/Sambrew_Omsk,Omsk,54.9885,73.3242
400515,11,Autograph,autograph,/w/autograph/400515,Yekaterinburg,56.8389,60.6057
400915,10,Grass Brewery,grass-brewery,/GrassBrewery,Zelenograd,55.9872,37.2022
400968,1,LH - LAGER HISTORY,lh-lager-history,/LagerHistory,,0.0,0.0
401442,12,Рассказовский пивзавод,rasskazovskij-pivzavod,/w/rasskazovskij-pivzavod/401442,Rasskazovo,52.6587,41.8815
401679,10,Pirnabrew,pirnabrew,/Pirna,Kostroma,57.7775,40.9699
402076,18,Artisan Brew ,artisan-brew,/w/artisan-brew/402076,Smolensk,54.768,32.0727
402594,2,Solnechnaya Planeta (Солнечная Планета),solnechnaya-planeta-solnechnaya-planeta,/w/solnechnaya-planeta-d-d-d-d-d-n-d-d0n-d-d-d0d-d-n-d0/402594,,0.0,0.0
402617,26,Hammermill Brewery (Бутлегер),hammermill-brewery-butleger,/Hammermill_Brewery,Balashikha,55.7982,37.968
402639,19,Dwarf Brewery,dwarf-brewery,/Dwarf_Brewery,Nizhny Novgorod,56.2965,43.9361
402850,24,The Tsekh Brewery (Цэх),the-tsekh-brewery-ceh,/TheTsekhBrewery,Kaliningrad,54.7104,20.4522
403811,16,Silver Brewery,silver-brewery,/Silver_Brewery,Krasnodar,45.0393,38.9872
403814,20,Белый Кремль (Bely Kreml),belyj-kreml-bely-kreml,/w/belyj-kreml-bely-kreml/403814,Chistopol',55.3635,50.6405
404006,8,HeadQuarters of Kombucha,headquarters-of-kombucha,/HQ_kombucha,Moscow,55.7565,37.6819
404198,18,Great River,great-river,/GreatRiver,Pskov,57.8167,28.3345
404710,11,АСБ Групп (ASB Group),asb-grupp-asb-group,/w/asb-grupp-asb-group/404710,Afipskiy,44.9056,38.8424
404938,15,RED COOPER,red-cooper,/RED_COOPER,Yekaterinburg,56.8389,60.6057
405543,8,Ale It...,ale-it,/w/ale-it/405543,Kemerovo,55.345,86.0623
406003,9,Тарусский Гусь,tarusskij-gus,/w/tarusskij-gus/406003,Tarusa,54.7242,37.1631
406146,9,BRGR PROjECT,brgr-project,/BRGR_PROjECT,Vladivostok,43.1332,131.911
406398,3,Колбасный цех,kolbasnyj-ceh,/w/kolbasnyj-ceh/406398,Moscow,55.7558,37.6173
407157,3,NEVAmind,nevamind,/NEVAmind,,0.0,0.0
407618,12,Романовский Продукт,romanovskij-produkt,/w/romanovskij-produkt/407618,Tutayev,57.8729,39.5335
407643,3,Red Rocket Brewery,red-rocket-brewery,/RedRocketBC,Yekaterinburg,56.8431,60.6454
407768,4,Уника,unika,/w/brewery/407768,,0.0,0.0
407782,5,ЮПК (Юргинская Пивоваренная Компания),yupk-yurginskaya-pivovarennaya-kompaniya,/w/yupk-yurginskaya-pivovarennaya-kompaniya/407782,Yurga,55.7211,84.8888
408246,14,Shapovalov Brewery,shapovalov-brewery,/ShapovalovBrewery,Nizhny Novgorod,56.2965,43.9361
408471,8,Rainbow Ciders,rainbow-ciders,/Rainbow_Ciders,Moscow,55.7558,37.6173
408505,20,Ростовский Пивоваренный завод Солнечный,rostovskij-pivovarennyj-zavod-solnechnyj,/w/rostovskij-pivovarennyj-zavod-solnechnyj/408505,Rostov-on-Don,47.2357,39.7015
408520,11,Загорская солодоварня,zagorskaya-solodovarnya,/Zagorskaya,Orenburg,51.7666,55.1005
409185,24,Первая русская пивоварня,pervaya-russkaya-pivovarnya,/w/pervaya-russkaya-pivovarnya/409185,Novosibirsk,55.0084,82.9357
409503,14,Gasparch Brewery,gasparch-brewery,/w/gasparch-brewery/409503,Tyumen,57.1621,65.5618
409645,12,Kölsch Brewery,kolsch-brewery,/w/kolsch-brewery/409645,Krasnoyarsk,56.0153,92.8932
409787,18,DomBreW,dombrew,/w/dombrew/409787,Domodedovo,55.443,37.7478
409858,9,GOD'S,gods,/GODSBREWERY,Saint Petersburg,59.9343,30.3351
410286,9,Red Rocks Brewery,red-rocks-brewery,/w/red-rocks-brewery/410286,Krasnoyarsk,56.0153,92.8932
410308,25,2 Barrels Brewery (ex. Black Craft Brew),2-barrels-brewery-ex-black-craft-brew,/w/2-barrels-brewery-ex-black-craft-brew/410308,Pargolovo,60.0784,30.2908
410429,10,Контора,kontora,/w/d-d-3-4-d-1-2-n-d-3-4-n-d/410429,Moscow,55.7558,37.6173
411639,4,Гвозди,gvozdi,/w/brewery/411639,,0.0,0.0
411696,12,Schönbusch - Brauerei Königsberg,schonbusch-brauerei-konigsberg,/w/schonbusch-brauerei-konigsberg/411696,Kaliningrad,54.7104,20.4522
411849,16,Applehead,applehead,/Appleheadciders,Staraya Russa,57.9895,31.3548
412487,30,Lux In Tenebris,lux-in-tenebris,/LuxInTenebris,Moscow,55.7558,37.6173
412688,1,Вареничная №1,varenichnaya-1,/w/1/412688,,0.0,0.0
412689,3,Выдержка,vyderzhka,/w/d-n-d-dun-d-d-d/412689,,0.0,0.0
413102,15,Time Bomb Brewery,time-bomb-brewery,/TimeBombBrewery,Saint Petersburg,59.9343,30.3351
413197,8,Заречная пивоварня,zarechnaya-pivovarnya,/w/zarechnaya-pivovarnya/413197,Tyumen,57.1613,65.525
413974,15,Sever Meadery,sever-meadery,/Sever_Meadery,Saint Petersburg,59.9343,30.3351
413978,25,Siberian Urban Brewery,siberian-urban-brewery,/Subrewery,Сургут,61.2329,73.4414
413979,13,Tank Ural Brewery,tank-ural-brewery,/TankUralBrewery,Yekaterinburg,56.8389,60.6057
414117,14,Голубчик ❋ Golubchik,golubchik-golubchik,/Golubchik,Volgograd,48.708,44.5133
414303,17,Пивмастерия 17М,pivmasteriya-17m,/pivmasteria17m,Saint Petersburg,59.9343,30.3351
415713,3,MUST-HAVE brew,musthave-brew,/MustHaveBrew,,0.0,0.0
415869,2,Partak Brew,partak-brew,/partakbrew,Moscow,55.7558,37.6173
415904,22,Craab ,craab,/craabbeer,Saint Petersburg,59.9343,30.3351
416878,14,ХЮМИР (HYUMIR),hyumir-hyumir,/w/hyumir-hyumir/416878,Volkhov,59.9118,32.3523
417280,9,True House,true-house,/TrueHouse,Moscow,55.7558,37.6173
417475,4,Apple Core Cidery,apple-core-cidery,/AppleCoreCidery,Moscow,55.7558,37.6173
418292,15,Rocket City Brewery,rocket-city-brewery,/Rocket_City_Brewery,Korolyov,55.9317,37.8519
418710,9,DaDa Cider,dada-cider,/w/dada-cider/418710,Serebryanyye Prudy,54.4691,38.7201
418830,6,Rubinstein Brewery,rubinstein-brewery,/w/rubinstein-brewery/418830,Saint Petersburg,59.9343,30.3351
419001,15,Заря,zarya,/zaryabeer,Chornoye,55.747,38.0682
419108,7,ArtAle (Fair Brew),artale-fair-brew,/w/artale-fair-brew/419108,Krasnoyarsk,56.0153,92.8932
419198,8,Мануфактура 1858,manufaktura-1858,/w/manufaktura-1858/419198,Sergiyev Posad,56.3242,38.1452
419492,13,Частная пивоварня Goldenburg,chastnaya-pivovarnya-goldenburg,/w/chastnaya-pivovarnya-goldenburg/419492,Omsk,54.9885,73.3242
419687,3,BELCIDER,belcider,/Belcider_Original,,0.0,0.0
419794,4,Biero Brew,biero-brew,/w/biero-brew/419794,,0.0,0.0
420535,2,Beer Mood,beer-mood,/w/beer-mood/420535,Moscow,55.7607,37.6464
420574,37,Brew Fiction,brew-fiction,/Brew_Fiction,,0.0,0.0
420575,37,ТАРКОС (TARKOS),tarkos-tarkos,/_TARKOS,Voronezh,51.6755,39.2089
421182,10,Частная Пивоварня Ховрино,chastnaya-pivovarnya-hovrino,/w/chastnaya-pivovarnya-hovrino/421182,Moscow,55.8711,37.5105
421236,16,Andreev Ciderworks,andreev-ciderworks,/AndreevCider,Saint Petersburg,59.9343,30.3351
421406,5,Boozecore Brewery,boozecore-brewery,/BoozecoreBrewery,Moscow,55.7558,37.6173
421430,28,Pivot Point,pivot-point,/PivotPoint,Kolomna,55.0938,38.7689
421870,9,CheBars,chebars,/w/chebars/421870,Samara,53.2415,50.2212
421872,9,21 Days Brew,21-days-brew,/21DayBrew,Saint Petersburg,59.9343,30.3351
421913,5,Diocort,diocort,/diocortbrewery,,0.0,0.0
421945,7,Moose Antlers Brewery,moose-antlers-brewery,/MooseAntlersBrewery,,0.0,0.0
422381,50,Шишкин,shishkin,/w/shishkin/422381,Samara,53.2415,50.2212
422636,14,Vodolaz Brewery,vodolaz-brewery,/VodolazBrewery,Saratov,51.5158,46.0065
422790,7,Mr. Tree,mr-tree,/w/mr-tree/422790,Mozhaysk,55.5044,36.0246
423372,10,Bowl Cut Brewery,bowl-cut-brewery,/bowlcutbrewery,Saint Petersburg,59.9343,30.3351
423374,5,PinkGumBoots,pinkgumboots,/PinkGumBoots,Pushkino,55.9878,37.8412
423378,14,Крафт Лаборатория,kraft-laboratoriya,/craftlab_beer,Saint Petersburg,59.9343,30.3351
423382,2,Régulier By Double A,regulier-by-double-a,/RgulierByDoubleA,Moscow,55.7558,37.6173
423497,8,Gypsy Jew & Brew,gypsy-jew-and-brew,/w/gypsy-jew-brew/423497,,0.0,0.0
423924,4,Silver Ponds,silver-ponds,/w/silver-ponds/423924,Serebryanyye Prudy,54.4741,38.727
424520,7,Share House,share-house,/Share-House,Москва,55.7707,37.5969
424601,7,Pike Season Brewery,pike-season-brewery,/PikeSeasonBrewery,Moscow,55.7558,37.6173
424644,16,Psycho Brewery,psycho-brewery,/PsychoBrewery,Yekaterinburg,56.8389,60.6057
424842,9,CUBE Ciders,cube-ciders,/CUBEciders,,0.0,0.0
425240,5,Смысл Жизни,smysl-zhizni,/the42brewery,Kirovsk,67.6107,33.6724
425345,3,Следующая Станция,sleduyushaya-stanciya,/w/brewery/425345,,0.0,0.0
425408,7,TORON Craft Brewerу,toron-craft-breweru,/w/toron-craft-breweru/425408,Astrakhan,46.3586,48.0569
425643,31,Brewmen,brewmen,/BrewmenBrewery,Veliky Novgorod,58.5444,31.2641
425972,15,Brewnet,brewnet,/Brewnetbrewery,Saint Petersburg,59.9343,30.3351
426637,8,Four Drops,four-drops,/FourDropsBrew,Moscow,55.7558,37.6173
426658,7,Betty Joy Brew,betty-joy-brew,/w/betty-joy-brew/426658,Surgut,61.256,73.3845
426677,12,Albion Brewery,albion-brewery,/Albion_home_brewery,Yekaterinburg,56.8389,60.6057
426703,9,Space Brewery,space-brewery,/w/space-brewery/426703,,0.0,0.0
426754,7,F&S Brewery ,f-and-s-brewery,/FS_Brewery,Shishkino,56.0431,36.119
427318,2,Pivoteka 465 Brewery,pivoteka-465-brewery,/Pivoteka465Brewery,Moscow,55.7558,37.6173
427356,10,Эли Ягель,eli-yagel,/Jagelbrew,Murmansk,68.9585,33.0827
427476,10,The Reus Brewery,the-reus-brewery,/TheReusBrewery,Istra,55.9231,36.8661
427533,4,Sargan Brewery,sargan-brewery,/w/sargan-brewery/427533,Sochi,43.6028,39.7342
427608,15,Matrix Brewery,matrix-brewery,/MatrixBrewery,Podolsk,55.4322,37.5748
429645,7,Edison Brewery,edison-brewery,/w/edison-brewery/429645,Irkutsk,52.287,104.305
430428,4,Хмельник,hmelnik,/w/hmelnik/430428,Voronezh,51.6755,39.2089
430467,6,Outline,outline,/Outlinebrewing,Moscow,55.7558,37.6173
430469,3,Alcove,alcove,/Alcove,Vladimir,56.1446,40.4179
430600,10,Major Brewery,major-brewery,/w/major-brewery/430600,Шульгино,55.7259,37.2938
431242,5,Ame Wild Freaks,ame-wild-freaks,/AmeWildFreaks,Moscow,55.7558,37.6173
431772,6,Collab brew,collab-brew,/1LABBrew,Moscow,55.7558,37.6173
432635,1,Крафтейнер,kraftejner,/w/d-n-d0n-n-d-d1d-d-n/432635,,0.0,0.0
432760,5,Punk Craft Brewery,punk-craft-brewery,/PunkCraftBrewery,Moscow,55.7558,37.6173
433324,7,Zatmenie Вrewery,zatmenie-vrewery,/zatmenie_brewery,Moscow,55.7558,37.6173
434298,14,JFF Brew,jff-brew,/JFFBrew,Izhevsk,56.85,53.1976
435107,3,Монументал крафт,monumental-kraft,/w/monumental-kraft/435107,Прохладный,56.7502,60.9396
435214,4,Lucky Punch Brewery,lucky-punch-brewery,/lp-brew,Krasnodar,45.0393,38.9872
435363,19,Barracuda,barracuda,/Barracuda_Brewery,Saint Petersburg,59.9343,30.3351
435664,2,Шляпа Brewery,shlyapa-brewery,/Had_Brewery,,0.0,0.0
436118,11,Symbiotica by AF Brew × BSG,symbiotica-by-af-brew-bsg,/Symbiotica_By_AF_Brew_BSG,Saint Petersburg,59.9343,30.3351
436437,10,Рыжий Эль,ryzhij-el,/w/ryzhij-el/436437,Sevastopol,44.6166,33.5254
436465,7,Gusar Brewery,gusar-brewery,/GusarBrewery,Sevastopol,44.6166,33.5254
436501,7,FLY BEER,fly-beer,/FLY_BEER,Saint Petersburg,59.9343,30.3351
436636,4,Shadow,shadow,/ShadowBrewRus,Dno,57.8288,29.9634
436739,2,Aksel Phantom Brewery,aksel-phantom-brewery,/w/aksel-phantom-brewery/436739,Moscow,55.7558,37.6173
437232,3,"ООО ""Русский продукт""",ooo-russkij-produkt,/w/ooo-russkiy-produkt/437232,,0.0,0.0
438256,1,Beerslog Brew,beerslog-brew,/Beerslog_Brew,,0.0,0.0
439105,29,Brewerich,brewerich,/Brewerich,Kazan’,55.8304,49.0661
439108,8,Махровые Brew,mahrovye-brew,/w/mahrovye-brew/439108,,0.0,0.0
439135,4,Zanoza Brewery,zanoza-brewery,/ZanozaBrewery,,0.0,0.0
439561,8,MAGNUM Частная Пивоварня,magnum-chastnaya-pivovarnya,/MAGNUM__76,Yaroslavl,57.6261,39.8845
439597,6,Красный Медведь (Red Bear Brewery),krasnyj-medved-red-bear-brewery,/w/krasnyj-medved-red-bear-brewery/439597,,78.0648,14.2335
440530,5,Angry Hop Brewing,angry-hop-brewing,/AngryHopBrewing,Saint Petersburg,59.9343,30.3351
441050,7,Dreamteam Brewing Co,dreamteam-brewing-co,/w/dreamteam-brewing-co/441050,Saint Petersburg,59.9343,30.3351
441321,3,Spontanist,spontanist,/Spontanist,,0.0,0.0
443437,2,Into The Mead,into-the-mead,/IntoTheMead,Saint Petersburg,59.9343,30.3351
443455,3,БРАЖНИК,brazhnik,/Brazhnik,Saint Petersburg,59.9343,30.3351
444127,8,Sever Bar & Brewery,sever-bar-and-brewery,/w/sever-bar-brewery/444127,Moscow,55.7654,37.6078
444347,7,TAKO Brewery,tako-brewery,/w/tako-brewery/444347,,0.0,0.0
447097,4,Cult Brewery,cult-brewery,/w/cult-brewery/447097,Moscow,55.7558,37.6173
447224,5,SKAmeika BREW,skameika-brew,/SKAmeikaBREW,,0.0,0.0
447236,10,Коломенская Пивоварня,kolomenskaya-pivovarnya,/AntonyKeller,Сергиевский,55.0948,38.8565
447387,3,Галактика,galaktika,/w/d-d0d-d0don-d-dod0/447387,,0.0,0.0
447721,1,Plague Brew,plague-brew,/PlagueBrew,Saint Petersburg,59.9343,30.3351
448704,10,Щегловский пивовар,sheglovskij-pivovar,/w/sheglovskij-pivovar/448704,Kemerovo,55.345,86.0623
449767,4,Dreamsbrew (Мечты),dreamsbrew-mechty,/Dreamsbrew,Tyumen,57.1605,65.5467
450190,5,Oh No Cidrerie,oh-no-cidrerie,/OhNoCidrerie,Moscow,55.7558,37.6173
450629,6,Groene Bel,groene-bel,/w/groene-bel/450629,,0.0,0.0
450824,14,DNK BREW,dnk-brew,/DNKBREW,Barnaul,53.3548,83.7698
450910,4,Palchevskiy Brewery,palchevskiy-brewery,/w/palchevskiy-brewery/450910,Moscow,55.7558,37.6173
451344,1,Дивьи Люди,divi-lyudi,/w/divi-lyudi/451344,,0.0,0.0
451703,1,Satan's Shenanigans / Проделки Сатаны,satans-shenanigans-prodelki-satany,/SatansShenanigans,,0.0,0.0
452079,2,Black Sea Brewers,black-sea-brewers,/w/black-sea-brewers/452079,,0.0,0.0
452091,7,Circada,circada,/Circada,Moscow,55.7558,37.6173
452949,1,Saint-P Beer Co.,saintp-beer-co,/w/saint-p-beer-co/452949,Saint Petersburg,59.9343,30.3351
453172,9,United Siders & Mead,united-siders-and-mead,/United_Siders_n_Mead,Moscow,55.7558,37.6173
453416,11,One Brew,one-brew,/OneBrewMoscow,Moscow,55.7558,37.6173
453839,7,BOOTLEGGER BREWERY,bootlegger-brewery,/BOOTLEGGERBREWERY,Novorossiysk,44.7154,37.762
454407,6,GAS BREW TAPROOM,gas-brew-taproom,/GASBREWTAPROOM,,0.0,0.0
454914,1,SALIWA BREW,saliwa-brew,/SALIWABREW,Saint Petersburg,59.9343,30.3351
455450,7,Балтийский Меридиан,baltijskij-meridian,/Balt_meridian,,0.0,0.0
455935,1,Zapreshyonka (Запрещёнка),zapreshyonka-zapreshyonka,/Zapreshyonka,Moscow,55.7558,37.6173
456343,1,Gurin Craft,gurin-craft,/GurinCraft,Moscow,55.7558,37.6173
458149,2,Dovod Brewery,dovod-brewery,/DovodBrewery,Kozhevnikovo,56.2637,83.9695
458193,7,Winding Road Meadery,winding-road-meadery,/WindingRoadMeadery,Novorossiysk,44.718,37.777
458998,1,Too Sunny Brewery,too-sunny-brewery,/TooSunnyBrewery,,0.0,0.0
460729,16,Ashram Cider,ashram-cider,/w/ashram-cider/460729,Moscow,55.7558,37.6173
462740,0,Borodach & Molnin Craft Brewery,borodach-and-molnin-craft-brewery,/w/borodach-molnin-craft-brewery/462740,Perm,58.0092,56.227
463187,7,Antidot Ciders,antidot-ciders,/AntidotCiders,Saint Petersburg,59.9311,30.3609
463190,4,Discovery Brewing,discovery-brewing,/DiscoveryBrewing,Saint Petersburg,59.9311,30.3609
463674,2,Main Rule,main-rule,/MainRule,Moscow,55.7558,37.6173
